blue;blue_sd;green;green_sd;nir;nir_sd;qa;qa_sd;red;red_sd;swir1;swir1_sd;swir2;swir2_sd;chl_a
230;2.589.035.112.650.030;243;22.781.871.138.999.700;383;30.704.238.511.154.700;68;0.9962121075991139;215;25.712.256.665.394.700;228;23.162.754.154.119.900;172;29.016.722.322.363.000;3.1
341;22.982.955.155.234.700;329;21.829.788.161.010.100;597;2.943.134.522.295.290;66;0;235;20.216.716.534.280.200;83;2.710.985.323.388.570;44;2.948.729.796.832.960;3.2
218;1.851.737.922.421.350;274;22.319.921.345.938.600;268;4.690.535.387.588.730;68;0.4988876515701181;187;26.092.336.039.534.600;53;3.783.243.758.117.270;16;34.826.554.364.290.500;1.7
210;24.236.673.691.057.600;190;28.863.700.585.860.200;166;23.341.340.106.129.500;68;0;102;21.653.653.209.851.000;29;26.690.407.673.801.800;15;3.565.503.700.062.680;1.9
327;19.374.818.331.567.000;294;29.524.652.478.390.900;307;29.046.493.812.034.000;68;0;206;23.905.303.973.721.700;51;3.129.277.580.665.160;41;27.412.844.264.428.700;2.1
154;19.187.307.041.968.900;127;17.097.341.990.192.300;81;2.603.000.728.280.790;68;0;66;1.737.201.224.653.610;50;15.561.465.555.979.800;39;2.435.791.392.986.050;2.5
244;22.928.641.254.816.200;238;2.412.636.079.984.370;252;25.457.891.356.201.000;68;0;187;2.504.748.693.091.370;101;31.977.226.359.881.100;90;31.902.060.958.247.500;3.9
410;27.534.821.590.124.800;370;21.053.683.763.180.200;526;35.803.552.896.326;66;0;329;24.760.807.741.267.100;311;3.625.077.102.628.290;200;35.734.577.092.782.200;3.6
135;2.303.056.447.008.980;108;18.445.109.506.107.300;106;2.809.597.098.128.520;68;0;35;2.111.624.167.970.960;30;23.188.872.277.916.500;16;2.816.268.339.451.750;2.9
244;22.122.290.007.724.900;287;2.324.212.188.642.970;303;22.343.071.027.420.400;68;0;194;175.653.324.839.583;64;3.239.409.011.137.810;46;31.789.375.225.563.500;1.5
564;18.753.932.920.857.100;509;23.264.726.518.917.100;564;4.601.138.446.080.500;66;0.8660254037844387;371;2.160.185.177.247.520;247;2.066.663.978.492.860;170;23.247.096.592.908.100;2.4
106;26.006.810.005.586.300;95;1.084.230.397.819.370;155;58.232.054.937.312.800;68;0.552770798392384;42;12.801.909.579.781.000;57;2.301.252.678.192.650;17;24.611.424.628.050.700;3
154;2.094.825.553.956.440;128;18.960.648.006.845.700;81;383.673.987.123.263;68;0.17149388004008892;31;2.111.776.373.412.470;28;20.685.911.655.401.800;16;2.534.728.877.041.830;1.1
405;4.425.940.098.964.880;313;3.720.873.969.342.900;323;54.060.307.476.307.100;68;0.4615834845562257;220;438.199.923.250.487;141;3.388.430.133.101.380;116;36.453.657.521.875.100;2
258;2.336.050.857.254.970;233;24.560.371.573.977.600;291;2.571.726.614.120.900;68;0;181;22.378.762.222.881.200;99;3.043.292.203.328.860;50;338.617.977.122.785;4.5
291;21.288.656.922.883.800;292;2.271.888.924.814.350;344,3806123;285.309.640.953.213;68;0.49888765156968606;199;1.957.953.075.769.060;116;2.767.720.459.730.330;83;27.759.901.408.331.300;1.6
234;37.922.038.284.542.700;231;3.872.896.641.412.180;218,6592216;4.229.481.478.886.850;68;0.2948110924753531;173;45.554.146.319.666.400;143;4.078.785.558.517.760;108;41.765.742.947.427.800;1
222;2.374.452.503.495.910;172;24.401.729.233.289.100;176,1704946;3.577.547.266.556.300;68;0;93;23.986.445.646.655.200;50;21.799.530.582.278.100;39;29.816.356.067.823.500;2.1
207;2.326.541.109.866.240;175;19.279.392.500.035.800;179;44.534.568.981.380.900;68;0.37603489049403444;95;2.221.683.851.215.770;50;24.567.495.220.219.400;40;24.846.953.469.369.800;2.6
175;16.881.417.254.505.300;163;12.555.203.546.524.900;151;2.392.789.958.810.060;68;0;67;14.389.345.170.572.200;19;13.076.923.076.923.000;13;1.905.519.854.832.200;2.1
204;31.363.688.106.669.400;180;27.915.178.048.331.800;187;41.399.686.995.539.200;68;0;137;29.647.439.345.279.600;87;22.623.091.856.529.200;60;26.964.028.818.647.400;2.6
147;2.215.157.278.548.740;118;18.919.045.221.914.400;112;4.429.677.281.284.330;68;0.304910677973047;42;21.608.516.944.370.500;31;28.948.082.779.324.700;17;29.337.517.094.959.600;2.6
239;3.008.751.858.394.040;242;3.074.310.237.400.510;211;4.017.668.361.795.320;68;0.2529487672530248;103;20.119.531.758.952.100;29;29.586.329.874.798.100;15;3.521.002.582.269.420;0.5
313;22.355.529.825.854.900;305;25.053.525.884.206.800;390;395.931.136.356.562;68;0.7525487131973155;210;21.581.119.726.900.100;144;3.215.874.597.718.380;84;29.587.294.981.531.200;0.8
550;8.614.985.127.671.430;529;987.087.680.929.992;473;25.816.540.240.706.100;68;0.9921567416492214;359;10.005.715.163.720.100;268;21.290.335.799.077.900;143;13.593.814.295.824.900;1
176;20.332.598.676.664.800;164;1.644.558.048.224.760;228;6.826.784.420.220.130;68;0.6485242084301036;85;16.500.187.325.532.900;42;31.568.430.869.755.300;35;21.318.480.526.067.000;5.2
288;3.324.257.387.087.450;242;30.832.449.175.265.400;211;23.420.293.857.248.200;68;0;142;28.816.066.710.986.700;29;31.971.328.932.379.700;15;3.558.817.452.595.680;1.1
290;23.993.749.185.985.900;317;19.201.116.038.992.400;358;1.877.767.209.714.100;68;0;188;19.495.268.918.485.800;121;33.260.487.067.991.000;85;3.322.824.591.414.070;1.6
287;15.173.990.905.493.500;311;1.885.618.083.164.140;528;27.578.171.722.497.100;66;0;222;0;152;2.315.887.159.024.230;59;17;2.9
146;1.981.634.426.426.830;125;27.438.595.868.044.600;158;7.079.578.525.503.150;68;0.45812284729104735;101;173.659.548.798.472;82;35.190.969.310.146.200;54;38.085.703.792.017.900;4.1
171;21.570.781.420.966.400;153;25.803.073.675.651.700;269;9.432.640.908.365.620;68;0.974996043043523;95;2.010.318.674.449.280;103;4.408.388.468.464.280;41;29.039.989.456.856.200;3
183;14.880.076.164.679.600;171;9.899.494.936.611.660;326;50.136.203.375.294.500;66;0.9428090415819562;72,5;16.504.208.217.569.500;70;273.530.162.870.569;38;14.724.318.509.036.500;1.04
438;3.324.840.156.577.850;463;3.724.378.339.248.390;312;26.858.405.081.938.000;68;0;277;323.876.339.391.768;131;2.711.595.752.096.780;79;30.882.946.851.250.700;2.8
436,2562349;7.452.152.013.965.670;504,2745697;7.812.480.874.154.940;471;1.814.529.969.552.220;68;0.955508357748574;342,649516;7.759.693.420.838.510;209;11.544.390.262.584.600;152;10.065.049.337.008.200;17.000.000.000.000.000
582;2.361.718.921.246.980;630;60.107.257.073.844.000;869;1.313.442.247.048.630;66;15.141.432.421.622.000;544;5.583.825.659.576.030;468;6.452.289.634.113.710;300;44.936.710.588.087.100;2.5
585;3.930.401.449.668.440;632;948.923.366.534.705;1028;14.775.166.853.729.700;66;32;579;8.770.784.837.553.970;572;10.456.204.962.710.900;336;54.636.424.561.723.400;2.9
504;0;507;0;830,5;39.5;66;0;464;17;391;0;245;18;3.2
585;6.951.041.633.163.240;674;12.350.074.015.192.600;988;28.259.663.989.493.000;66;27.350.371.225.691.100;613;12.428.399.452.896.600;521;18.464.077.022.942.500;336;1.015.875.295.463.670;3.8
641;3.301.893.396.219.810;669;4.021.193.852.576.610;1067;12.274.997.171.305.300;66;0;608;2.735.822.037.747.060;571;4.667.410.654.980.170;336;5.522.278.112.840.350;3.5
129;23.013.291.165.062.200;95;1.145.238.074.783.530;112;2.179.278.825.287.640;68;0;63;18.871.958.733.694.800;32;21.912.108.430.449.300;17;2.843.900.243.510.890;2.8
135;22.313.577.805.046.600;100;19.980.872.410.982.100;157;3.653.120.494.261.330;68;0.21440801063468162;44;2.451.352.812.457.060;32;2.470.003.109.239.710;17;30.505.352.445.970.700;2.7
249;213.707.743.824.204;255;16.798.806.406.831.900;310;1.707.355.091.816.000;68;0;163;22.451.166.269.268.000;128;1.886.271.751.443.530;93;27.666.155.319.048.900;12
323;3.006.831.897.909.120;378;16.514.751.715.404.600;270;23.330.037.664.767;68;0;203;23.723.318.649.608.500;36;1.392.217.618.116.420;8;23.008.066.134.867.400;18
524;0;440;0;332;0;68;0;351;0;190;0;155;0;3.4
204;1.771.403.348.332.950;217;12.349.022.485.383.700;282;23.849.903.206.758.100;68;0.441144885489539;109;15.242.462.920.116.800;134;18.073.158.364.116.600;69;23.612.614.331.233.100;5.4
196;15.944.059.011.163.900;258;17.479.900.900.624.400;342,0122841;42.926.385.315.013.700;68;0.7529133519842605;179;21.777.217.585.946.700;83;27.096.691.609.482.700;54;27.765.809.387.449.300;5.4
179;22.120.391.687.198.000;200;24.410.392.949.533.100;262;421.365.633.284.895;68;0.6285393610546374;118;1.290.300.950.635.110;62;41.074.110.601.793.800;18;37.991.501.242.602.400;1.7
129;22.380.079.702.639.600;112;19.316.585.614.151.100;161;20.638.162.487.030.000;68;0;75;2.023.989.197.250.420;84;2.027.865.247.453.360;44;27.332.610.196.356.200;5.7
150;22.579.576.512.931.700;176;31.684.042.950.882.500;192;26.335.219.999.689.900;68;0;112;18.801.634.904.415.300;68;22.837.422.128.826.000;60;3.312.758.178.799.550;4.2
143;1.939.229.807.139.410;133;192.279.226.700.151;231;18.636.553.052.908.600;68;0;73;22.518.182.845.724.200;79;14.774.452.232.672.100;41;3.216.240.972.765.870;2.4
192;23.869.531.846.526.300;216;200.142.002.506.217;210;214.097.274.819.197;68;0;105;1.998.372.390.827.740;62;1.806.111.266.173.390;44;2.186.886.659.048.280;1.6
149;6.295.838.438.148.910;133;7.098.350.574.771.080;152;966.593.805.359.223;68;0.33791544979628013;76;6.699.912.162.764.100;41;7.857.135.879.850.170;22;5.597.290.457.634.650;3.9
150;20.229.413.301.811.900;147;1.875.813.261.396.760;126;21.725.189.804.322.500;68;0;66;19.232.280.847.864.700;36;17.358.468.025.390.700;19;26.903.720.298.622.900;4.5
130;17.629.678.260.125.800;128;1.957.665.843.691.290;211;38.542.098.195.782.400;68;0.4988876515701181;87;1.827.107.611.013.160;61;23.398.124.331.283.900;45;26.019.138.255.437.200;2.8
122;1.969.938.565.034.580;95;1.624.149.560.151.650;107;2.162.008.953.199.680;68;0;41;22.634.526.306.914.700;30;1.799.071.500.822.120;16;22.631.004.415.371.400;2.4
137;27.256.477.313.760.700;122;2.157.109.691.745.460;157;14.533.065.746.772.100;68;0;44;1.891.336.975.675.020;31;18.267.883.171.171.000;17;25.694.011.407.762.300;2.1
219;14.383.632.673.594.200;240;3.194.014.463.815.360;398;28.670.972.975.433.300;66;0.8314794192828822;148;22.588.099.128.129.800;180;2.239.543.604.298.770;93;2.836.272.984.824.350;2.7
227;22.839.111.191.112.400;220;20.611.874.374.602.000;399;4.849.158.271.030.130;66;0.7806247497997997;150;25.628.886.900.331.800;155;24.462.378.440.870.600;93;24.802.264.891.537.600;2.3
246;2.514.430.010.289.410;212;21.862.381.362.076.300;196;239.972.598.586.927;68;0;132;244.182.192.861.514;41;23.459.136.082.977.000;36;40.732.466.004.995;3
261;316.524.178.860.907;357;29.728.233.333.699.000;378,1004529;63.277.696.580.756.800;68;0.45034000760398457;209;32.828.481.287.952.700;142,5094905;452.985.983.249.381;97;36.410.810.621.325.600;8.6
216;2.407.071.427.823.260;250;32.521.861.840.683.900;237;21.599.120.391.356.700;68;0;204;2.266.043.990.420.220;112;2.723.116.770.235.790;70;3.543.541.980.992.530;2.8
199;2.766.148.281.781.220;223;3.490.586.698.784.330;295;44.313.885.996.586;68;0.6443794794176602;138;2.366.201.401.705.540;87;39.858.029.726.027.600;58;2.946.940.919.718.900;1.8
142;22.282.725.344.339.400;126;23.969.151.074.112.100;158;31.416.591.871.199.400;68;0;66;22.706.589.381.130.100;32;2.124.517.069.554.390;17;25.456.964.964.767.300;2.5
146;22.830.024.028.179.700;130;18.449.384.161.170.700;199;24.156.377.929.166.200;68;0.25816180019845275;71;2.289.420.856.856.680;57;26.221.407.185.191.500;43;2.593.293.451.943.740;4.4
237;20.820.483.749.982.400;195;16.606.355.906.722.400;243;2.293.953.404.544.690;68;0;114;22.281.543.511.714.700;41;18.837.809.160.840.700;9;26.164.033.677.265.200;1.3
146;1.800.543.127.935.440;120;2.096.558.025.802.180;151;4.032.115.518.627.350;68;0.2560381915961254;63;2.013.892.720.302.860;30;21.952.442.283.769.200;16;23.061.867.275.271.100;4.4
150;2.090.405.682.724.600;115;14.694.160.994.998.500;110;27.539.211.376.967.600;68;0;59;15.498.518.691.560.500;30;16.745.392.299.534.300;16;28.068.429.501.735.100;3.5
604;741.019.249.301.123;509;7.566.223.669.112.430;493;11.996.353.952.396.900;68;0.6766946953114796;372;8.098.344.919.546.070;164;10.786.096.571.125.100;87;8.421.869.909.145.710;1.2
202;247.403.742.162.908;179;31.882.127.741.309.400;248;7.214.189.383.458.640;68;0.5185085165218791;122;2.897.111.961.758.910;43;34.729.657.762.989.500;37;26.885.327.521.881.300;1.2
167;22.500.887.328.182.300;214;3.210.616.071.029.910;229;36.922.121.493.158.400;68;0;141;2.290.908.965.648.540;120;3.838.393.399.443.160;60;3.248.332.905.763.600;5.7
230;2.205.532.815.443.920;216;23.577.296.047.021.200;379;630.244.661.487.373;66;0.9860132971831669;133;1.808.314.132.002.510;67;38.848.977.535.522.800;36;3.613.400.983.376.550;2.3
216;21.176.995.270.094.700;231;2.572.681.557.001.230;224;26.177.934.320.685.000;68;0;147;2.480.924.078.361.450;77;26.282.807.629.261.400;69;3.444.792.589.218.900;0.85
238;23.243.451.783.296.300;248;25.176.216.029.111.300;265;5.293.089.320.841.040;68;0.6081600496394413;122;26.511.751.996.840.400;109;2.182.285.515.510.840;59;2.740.590.138.561.000;2.1
217;27.300.438.505.239.100;207;21.651.801.897.923.100;266;36.052.520.018.193.200;68;0.5051805182080997;118;27.610.668.836.335.500;66;29.998.855.298.108.400;47;3.105.412.076.058.780;3.6
200;1.793.883.571.474.980;207;26.263.497.540.137.500;262;3.458.716.436.703.760;68;0.7355970484509882;116;2.512.617.253.364.130;80;22.070.541.423.015.700;41;22.419.027.356.366.300;1.5
290;21.146.894.233.765.700;301;17.253.688.031.621.600;409;23.636.443.058.193.300;66;0;166;2.259.728.123.278.480;75;18.640.794.628.360.900;39;22.777.740.993.446.700;3.3
184;2.187.124.517.977.140;203;23.549.027.602.661.800;210;2.671.575.440.892.520;68;0;100;2.625.559.270.648.030;46;26.927.945.564.257.500;14;29.915.429.740.354.900;2.7
277;2.755.923.580.980.740;230;3.302.549.311.656.500;221;49.952.668.138.730.500;68;0.34283965148423073;124;3.631.413.297.111.090;47;25.797.687.128.055.200;40;41.086.037.075.968.900;2.6
207;1.698.329.000.638.440;189;3.316.613.574.588.680;84;19.211.616.123.312.100;324;0;81;3.408.463.829.578.180;28;16.613.554.797.126.600;18;13.413.381.421.097.200;3
170;21.646.676.302.893.900;185;2.782.971.693.821.730;182;4.452.838.325.965.800;68;0.5175216658973004;79;3.204.351.582.073.480;53;24.957.670.615.734.600;17;2.534.117.082.710.060;2.3
160;12.986.163.815.090.700;162;27.856.761.293.270.200;135;13.184.507.022.352.700;324;0;78;29.727.461.518.404.000;41;10.211.193.189.926.100;21;6.529.688.895.413.740;1.6
168;18.389.476.324.957.500;214;3.889.714.198.139.730;224;6.214.856.751.723.600;68;0.9428090415820635;116;36.715.119.501.371.600;91;17.480.048.591.621.000;20;9.778.409.070.529.680;2.3
200;831.832.921.409.217;240;15.139.195.441.017.900;279;15.222.968.198.120.000;324;0.28420719075534345;109;17.210.234.061.335.500;54;694.504.183.729.645;30;618.819.531.789.193;1.8
218;283.062.695.874.815;245,5;2.563.927.551.588.760;323,5;7.557.078.719.684.620;68;0.9583148474999874;132;44.930.842.549.911.000;86;6.554.823.741.773.250;16;20.935.883.656.769.600;4.1
263;9.884.861.655.907.070;262;18.813.916.106.443.200;262;18.797.916.772.664.700;324;0;130;21.994.849.588.908.900;54;11.118.001.075.832.000;28;6.651.298.402.008.770;4
237;2.415.994.300.167.570;227;21.634.743.874.242.100;265;31.213.201.764.786.800;68;0.4012550045822677;122;26.431.231.245.829.900;86;2.455.902.157.190.240;59;3.019.974.461.043.820;2.1
184;2.392.501.395.750.770;203;17.159.091.280.724.900;210;25.750.278.009.340.000;68;0;100;1.517.615.754.687.320;47;28.745.739.828.695.300;14;31.617.505.699.638.400;2.7
186;12.039.639.055.522.200;170,5;5.703.184.705.887.900;122;5.962.080.080.975.620;324;0;67;4.698.381.875.046.660;43,5;448.234.455.864.139;21;23.697.364.768.111.000;1
228;2.398.366.249.099.560;198;25.913.517.472.771.400;300;3.828.530.452.975.770;68;0.9986139979479294;75;19.701.934.041.767.300;73;18.596.756.039.160.500;39;2.130.995.696.682.600;1
146;28.464.878.490.506.500;127;6.299.320.633.466.280;84;73.502.124.641.875.600;324;0;38;33.693.460.900.881.400;33;4.778.544.499.596.700;16;26.326.313.685.052.200;1
183;30.621.118.408.085.300;165;19.653.191.442.722.400;223;18.765.627.096.651.400;68;0.9620913858415755;52;25.348.806.351.997.600;63;17.041.514.696.191.000;20;22.408.676.005.747.800;1.3
207;59.001.385.025.294.200;237;6.209.020.780.941.750;285;6.700.766.897.028.630;324;0;94,5;4.067.726.501.618.100;61;5.330.685.226.699.230;34;28.464.878.490.505.200;1.4
225,5;2.648.584.527.629.800;217;20.173.853.746.867.500;299;3.042.614.007.724.270;68;0.9682458365518545;65;2.778.685.615.538.390;58;1.660.525.142.838.850;16;24.035.130.538.443.000;3.6
606;2.880.199.240.679.220;548;30.802.301.672.069.400;668;4.219.553.712.251.090;66;0.9730085108208627;499;332.930.316.523.968;491;50.645.436.873.761.100;383;36.341.300.358.800.700;2.3
151;7.259.253.052.720.240;136;8.152.405.793.803.570;111;857.428.588.816.079;324;0;110;8.298.604.382.580.990;69;7.960.229.858.445.400;53;7.244.380.159.705.900;3.1
314;20.434.275.401.595.700;337;170.560.879.710.911;558;2.313.663.991.006.710;66;0;261;2.181.340.500.629.500;288;28.761.197.934.813.200;203;2.117.437.826.201.230;2.6
250;18.838.841.893.097.800;256;15.722.720.780.776.700;396;18.837.680.936.420.600;68;0.7580693814851651;198;19.671.137.071.618.400;117;24.369.835.635.245.600;85;27.182.160.101.200.100;2.3
156;2.064.021.317.719.360;174;1.743.377.182.367.600;96;26.763.174.325.927.700;68;0;100;21.875.749.130.029.700;40;18.702.074.751.214.100;21;2.908.281.279.381.340;1.6
185;19.985.675.399.446.000;168;16.038.811.949.856.600;174;18.415.125.161.089.500;68;0;105;18.602.949.584.657.700;30;3.531.702.373.518.250;16;2.174.892.050.086.990;1.6
217;23.225.714.517.913.600;199;22.333.029.654.044.300;199;2.413.321.986.027.960;68;0;158;27.071.999.811.361.200;106;26.504.687.906.047.100;91;29.444.826.880.042.200;1.8
208;21.351.964.188.598.400;156;19.783.723.491.443.300;161;16.220.785.866.901.900;68;0;113;193.678.084.403.145;22;17.271.825.396.609.900;14;22.579.292.706.974.600;2.8
316;307.526.840.818.792;333;27.337.036.956.883.500;418;4.716.427.081.492.810;66;0.9983182666256837;218;283.615.791.969.199;144;41.516.516.478.585.900;91;29.336.083.712.783.500;2.2
540;3.467.048.681.638.790;516;3.403.345.266.868.800;728;42.642.140.667.470.000;66;0;422;3.137.226.259.672.270;346;2.803.538.635.306.780;245;2.962.558.427.019.600;2
190;2.365.370.161.306.670;183;18.324.857.434.643.200;126;16.897.999.881.642.700;68;0;108;25.272.625.506.662.300;21;2.074.088.715.556.780;26;3.198.890.432.634.410;2.3
477;21.242.645.786.247.900;420;554.842.319.943.243;424;31.960.913.628.993.700;68;0;369;2.381.569.860.407.200;282;4.979.646.071.760.520;219;347.383.073.853.635;1.2
160;19.300.849.445.813.800;147;14.011.639.249.086.500;156;13.045.251.489.772.800;68;0;100;17.429.693.439.660.500;36;22.637.195.201.598.000;19;2.224.784.138.123.880;1.1
182;17.868.872.690.718.000;172;16.055.169.121.823.700;194;18.319.504.507.542.300;68;0;121;1.582.717.388.249.000;60;22.762.701.719.461.100;42;21.583.421.978.648.000;2
216;21.144.958.577.919.100;209;1.514.580.817.077.690;207;1.741.784.960.843.740;68;0;137;19.121.661.635.676.600;22;3.284.810.663.707.770;13;27.379.440.149.702.700;2.9
316;2.559.421.028.279.620;277;2.418.639.907.055.210;321;31.322.234.913.875.500;68;0;203;26.358.080.354.987.800;79;3.488.182.764.707.140;56;3.747.942.769.040.100;1.9
376;8.185.314.281.093.030;386;8.478.586.021.264.290;330;7.918.642.177.156.590;324;0;354;9.373.865.540.825.710;285;7.161.898.884.455.900;250;5.837.256.759.610.990;4
160;21.718.456.621.608.500;177;23.385.655.622.387.100;219;3.818.622.133.702.150;68;0;113;1.786.178.070.284.540;101;2.974.660.215.060.150;51;23.043.437.243.605.800;2.9
170;19.336.054.369.013.800;196;21.045.733.648.172.300;249;2.426.452.161.964.970;68;0.5861272963466607;104;21.841.643.295.618.900;74;24.862.914.684.586.600;50;28.660.115.243.397.400;2.2
904;18.943.771.403.815.000;862;21.127.065.579.488.300;909;24.124.881.346.858.400;68;0;870;23.542.272.617.570.200;940;30.552.078.079.894.900;721;24.841.107.060.676.600;2.3
238;23.282.629.433.406.600;213;210.958.855.914.817;300;4.202.914.332.803.950;324;0.4358898943611894;154;23.104.178.313.793.200;139;28.480.573.301.033.700;102;1.887.794.127.193.600;1.4
131;18.451.307.358.744.000;126;1.341.864.346.873.000;145;14.197.029.628.566.200;68;0;62;20.088.453.236.470.200;31;36.155.684.523.501.800;17;21.109.562.245.584.900;2.1
444;23.738.158.989.983.700;452;20.409.551.404.743.200;688;24.718.406.411.670.400;66;0;346;1.681.888.962.025.840;276;15.723.705.340.985.300;197;31.529.680.030.075.100;2.5
443;3.004.948.943.371.980;477;30.463.118.658.146.500;683;39.069.097.426.243.700;322;0;382;3.246.390.553.781.840;395;3.206.515.757.036.380;322;2.559.110.971.356.410;1.7
188;9.531.695.306.103.160;177;1.069.522.169.301.370;145;1.174.685.482.248.190;324;0;130;11.649.804.253.934.400;100;10.886.983.049.254.400;73;8.897.166.494.681.200;1.9
103;9.639.381.900.004.840;107;11.238.543.695.874.000;116;3.238.014.124.129.040;324;0;57;7.893.187.794.184.620;67;24.767.661.384.465.700;50;19.885.655.337.150.900;2.1
564;9.684.620.539.804.330;540;11.424.418.748.890.400;957;19.949.432.166.104.300;66;29.584.360.310.812.800;528;11.765.176.369.268.700;595;17.597.672.742.084.300;368;1.187.401.969.637.910;2
333;2.605.801.385.970.400;236;219.949.960.161.909;195;2.138.334.342.408.430;68;0;137;22.044.201.668.808.200;26;2.066.723.840.913.340;30;28.787.806.660.983.200;2.2
165;2.216.024.691.220.460;156;18.085.297.062.024.500;170;16.591.755.931.287.100;68;0;94;25.792.677.686.161.600;49;25.635.028.333.134.400;39;24.546.114.044.337.800;1.6
218,5580589;7.686.012.431.118.430;206,6275636;8.422.777.485.268.390;185,5567686;16.572.603.934.999.300;324;0.73258805774116;164,3962115;8.512.470.819.451.660;133,010568;1.296.606.103.601.370;106,3410165;8.805.313.409.596.830;1.9
275;1.937.947.578.322.620;286;13.911.498.694.186.700;313;2.252.436.322.685.960;68;0;244;1.920.650.400.042.570;182;178.730.215.117.417;131;2.522.260.081.428.420;1.4
205;2.317.548.709.495.770;184;18.618.473.544.898.700;233;1.493.202.314.314.160;68;0;117;18.654.155.465.123.600;54;3.676.658.638.447.830;16;28.345.993.333.404.900;2.4
133;21.849.866.513.703.600;139;17.408.490.904.025.900;287;3.705.701.313.141.990;66;0.9090593428861985;95;17.276.348.636.856.700;72;19.653.199.838.420.400;39;21.171.751.357.777.500;3
179;21.099.535.539.911.700;205;1.317.306.342.503.510;334;26.708.021.267.027.500;66;0.5425863986500428;133;24.301.901.160.197.300;124;18.708.885.589.473.200;64;25.317.061.440.854.400;2.9
374,5;555.305.777.183.021;434,5;3.438.022.687.534.210;817,5;1.237.564.314.328.250;322;0;308,5;37.117.140.228.813.800;428;3.970.617.391.431.190;314;25.746.209.118.054.800;1.8
124;12.364.076.997.495.600;131;75.947.350.184.190.000;121;22.321.290.285.285.900;324;0;74;6.278.088.881.180.270;49;6.523.066.763.417.340;26;35.113.530.155.767.600;2.5
267;3.031.371.966.618.410;254;1.858.102.257.681.210;459;35.655.013.672.694.000;66;0;149;20.405.881.505.095.500;76;23.929.429.579.494.700;38;3.545.250.343.769.810;2.6
160;2.101.999.048.524.990;177;24.839.838.968.882.100;219;3.833.294.144.727.220;68;0;113;1.773.556.878.140.640;101;2.753.976.034.754.110;51;2.565.787.208.635.970;2.9
245;3.082.567.472.452.490;226;0;369;4.666.904.755.831.210;68;0;145;2.215.601.247.717.840;76;24.087.802.353.519.500;9;282.842.712.474.619;2.7
185;23.355.606.928.530.000;174;2.094.532.399.420.500;300;4.387.640.469.419.630;68;0.9428090415819562;95;26.131.478.463.084.800;73;22.058.476.576.792.100;39;23.560.648.689.428.400;3
135;11.127.910.855.142.500;125;7.779.562.969.730.310;100;19.775.783.170.332.300;324;0;72;5.351.037.282.620.990;44;7.477.325.725.150.670;28;48.586.417.855.199;2.1
135;1.765.971.687.202.260;149;17.722.121.769.133.600;297;35.734.577.092.782.200;66;0.8979977728258237;82;15.509.274.644.547.300;77;2.057.182.539.299.800;40;19.774.164.963.406.100;2.7
213;2.485.876.907.652.500;218;2.528.873.266.891.790;271;32.885.255.054.507.300;68;0;118;2.383.865.768.033.080;73;18.239.473.676.616.800;22;29.721.749.612.026.500;1.8
91;5.914.862.635.767.670;82;6.272.989.717.829.950;88;19.449.874.035.581.800;324;0;51;5.036.824.396.383.090;37;6.386.986.769.987.850;21;4.308.874.563.038.470;2.8
134;2.703.344.699.138.130;112;16.162.581.011.190.900;219;3.362.154.314.223.700;68;0.5870870479016665;58;19.840.634.910.475.800;50;18.086.087.912.086.400;13;27.522.244.147.280.100;2.7
127;16.127.926.091.100.500;126;1.654.418.326.784.370;227;3.543.060.118.033.560;68;0.9165151389912473;68;19.784.526.782.311.400;65;22.867.881.406.024.400;21;3.507.402.885.326.970;3.1
196;24.755.412.535.988.700;187;24.347.683.433.569.500;302;4.174.398.823.343.570;68;0.9982683969692182;113;23.330.037.664.767;87;24.161.509.611.628.200;45;29.345.808.398.955.900;2.7
94;7.937.153.142.027.660;138;735.934.779.718.964;225;2.151.412.559.227.070;324;0;84;8.496.022.598.839.990;111;1.132.953.661.894.430;73;8.452.218.643.646.170;2
241;12.969.351.627.304.000;224;10.048.860.225.753.800;393;51.623.440.333.212.100;66;0.6998542122238715;151;1.196.252.652.311.900;87;3.589.269.722.778.870;36;20.803.257.201.796.100;3
251;3.934.397.978.947.650;225;42.272.889.522.497.900;225;40.674.801.122.645.700;68;0;156;45.414.612.452.617.600;109;3.859.938.639.094.900;83;45.321.315.363.717.900;3.2
181;2.201.696.013.773.730;162;25.290.849.623.003.400;172;29.558.733.651.140.700;68;0;100;25.068.275.051.202.700;47;27.338.125.946.206.800;50;30.987.190.851.352.400;3.6
270;25.911.371.109.887.000;245;29.099.163.150.786.600;265;30.041.128.169.369.200;68;0;174;279.874.430.396.091;132;3.078.495.832.925.760;107;34.100.279.654.757.900;3.2
165;2.881.430.607.691.040;129;1.999.085.888.038.600;174;20.321.979.656.097.800;68;0;94;26.555.674.092.943.100;36;2.901.144.302.737.470;18;33.596.746.532.231.600;3.5
194;25.889.268.660.408.900;185;2.466.863.510.937.970;225;29.031.096.758.356.400;68;0;131;30.457.784.707.781.200;102;28.943.234.597.968.700;64;3.291.528.873.698.190;2.3
288;36.003.401.199.875.300;250;23.491.205.475.536.500;362;2.168.418.966.972.580;68;0;146;3.157.692.259.889.050;47;13.856.406.460.551.000;10;10.147.886.077.244.500;3.3
339;14.163.586.690.776.400;383;14.164.252.242.140.500;575;1.668.658.294.356.450;322;0;341;1.518.945.806.782.580;410;1.278.865.517.572.570;330;10.450.648.748.009.700;2
183;2.714.883.367.851.230;164;29.682.564.327.085.400;210;3.537.864.013.444.850;68;0;102;28.150.927.294.073.300;47;3.729.541.392.729.690;50;3.401.540.420.538.340;3.6
271;2.655.857.869.214.480;174;2.211.758.862.745.800;122;23.687.526.503.866.600;68;0;122;22.926.096.941.872.500;19;30.623.965.645.162.500;9;32.404.759.290.330.300;2.6
136;355.550.521.824.986;96;423.196.253.567.456;79;6.921.425.254.069.130;324;0;54;4.242.980.047.610.180;35;6.309.281.642.587.870;28;4.317.310.690.422.120;5.2
117;21.138.916.409.841.000;108;14.753.374.902.235.600;146;16.357.378.951.220.900;68;0;46;18.100.142.207.424.600;31;21.599.924.665.658.600;17;25.090.143.990.096.700;3.8
219;12.446.273.427.103.500;170;2.487.077.714.016.100;138;12.671.051.872.498.700;68;0;122;22.891.046.284.519.100;44;2.202.697.210.240.200;22;2.029.966.474.818.950;3.5
141;2.634.581.638.166.290;120;22.573.688.856.085.500;107;24.468.221.789.722.200;324;0;75;2.012.347.091.415.010;29;2.230.768.148.107.790;15;14.993.876.301.030.700;6.8
129;18.372.610.068.648.900;103;18.476.382.810.579.700;94;24.372.115.213.907.800;68;0;59;1.816.775.339.838.510;12;3.685.556.152.142.690;21;27.503.568.513.771.700;3.9
173;22.731.524.854.752.300;137;1.896.556.638.577.740;163;14.151.707.788.579.200;68;0;89;2.046.117.597.359.010;31;3.510.051.428.960.920;17;24.937.386.869.696.000;4.2
134;9.823.158.289.242.260;140;9.721.730.340.650.640;219;11.379.170.013.849.000;324;0;95;10.458.164.957.855.300;105;9.600.093.005.501.820;78;802.202.007.741.497;3
163;14.696.938.456.699.000;160;1.673.983.937.265.300;238;0;68;0;122;0.47140452079017425;83;1.084.230.397.819.370;67;11.313.708.498.984.700;2.5
205;30.214.051.182.999.100;172;942.809.041.582.072;397;1.885.618.083.164.140;66;0;91;8.730.533.902.472.550;90;29.578.520.735.305.300;38;2.000.555.478.416.480;2.8
174;1.837.268.503.936.090;151;0;137;2.121.320.343.559.640;68;0;148;17.913.371.790.059.200;107;13.670.731.102.939.900;69;20.270.394.394.014.300;2.7
231;19.982.051.580.871.800;198;19.140.177.617.291.100;245;3.877.954.002.967.920;68;0.24074566976137274;135;19.217.898.907.224.600;81;2.020.974.441.856.370;57;22.296.207.996.057.500;1.9
129;55.985.537.476.873.500;120;64.835.056.557.571.700;107;8.222.311.194.796.880;324;0;96;701.751.084.626.941;65;957.317.644.149.166;45;66.882.467.729.737.400;3
346;21.912.672.701.281.600;387;17.259.563.068.080.100;722;32.913.196.329.847.000;66;0;307;20.436.706.028.301.100;383;25.837.694.384.843.300;252;29.405.373.386.449.900;2.7
213;2.346.868.213.232.630;236;18.183.374.951.809.400;358;2.056.225.766.357.250;68;0.9897433186109988;163;18.294.937.892.467.100;93;1.982.483.137.349.110;62;2.947.522.325.789.360;1.8
147;2.147.960.111.102.830;143;20.732.380.404.146.100;138;3.288.352.762.233.530;68;0;73;22.081.986.987.260.800;38;16.495.738.085.942.000;20;29.061.708.471.897.400;2.1
184;21.578.335.604.815.400;185;1.970.066.738.502.080;210;28.085.802.173.643.200;68;0.24074566976137274;122;19.517.269.823.589.100;73;3.265.034.429.679.050;40;25.468.006.933.457.300;1.9
195;1.906.106.239.754.190;177;20.809.798.340.848.100;198;21.478.671.591.449.300;68;0;138;2.321.298.603.879.260;82;1.654.459.450.285.110;67;29.465.078.108.619.700;1.8
169;1.896.761.120.051.700;153;20.090.214.731.086.700;198,5730677;3.290.755.160.832.640;68;0.24074566976137274;91;2.245.730.161.353.410;44;21.155.032.806.929.900;38;28.558.728.872.442.600;2.7
245;2.258.894.257.279.640;258;1.847.712.042.604.990;417;2.830.070.548.229.950;66;0.9240163572001856;173;2.370.622.787.479.910;118;35.479.707.362.315.800;63;2.919.785.354.810.530;2.7
497;29.102.160.281.847.700;513;2.389.505.600.562.910;807;3.003.356.658.191.730;66;71.999.707.793.986.700;421;21.663.939.291.244.200;393;20.160.304.308.776.800;270;27.893.311.346.682.600;2.5
189;2.621.946.605.100.870;157;16.733.424.634.545.000;160;24.284.338.574.480.400;68;0;108;24.496.307.885.067.000;51;2.525.628.634.617.520;26;30.089.617.810.799.700;2
152;19.327.759.408.090.300;160;16.979.429.850.919.000;188;24.527.709.023.634.700;68;0;95;19.422.924.599.555.000;57;25.770.211.606.200.900;18;2.211.273.681.219.170;1.3
163;2.252.733.705.506.240;170;1.843.458.315.148.070;193;27.332.644.865.545.300;68;0.33791544979628013;103;202.850.776.434.304;60;30.802.923.062.660.000;42;2.696.346.688.971.580;2.6
196;2.119.406.438.255.540;189;19.577.588.024.439.300;290;2.327.117.018.097.050;68;0.24074566976137274;117;2.037.947.601.927.160;46;27.715.191.977.496.400;13;29.729.864.373.053.200;3
352;20.607.665.349.025.100;363;2.412.524.846.322.270;506;5.805.588.003.898.150;66;0;280;2.203.836.831.173.130;168;25.356.653.856.651.700;125;3.022.645.192.198.780;2.4
368,3298836;49.397.687.070.239.100;379;561.939.224.508.774;356,75;1.113.634.398.891.510;324;0.5220070396868036;344,5;5.583.935.991.291.820;296,4866412;7.973.110.322.431.750;258;52.024.381.573.587.000;3
331;1.960.322.299.028.410;330;22.474.893.364.775.500;470;42.824.143.191.377.600;66;0.9760845356800599;290;21.103.910.374.176.700;238;40.071.095.607.851.900;196;2.588.262.375.929.850;2.7
118;15.594.630.348.494;115;18.249.521.971.453.100;100;22.420.122.890.477.100;324;0;92;2.015.171.023.887.530;60;2.085.767.662.193.620;42;1.687.805.696.683.780;2.8
312;22.443.911.388.376.600;330;21.777.062.577.064.900;723;6.624.640.424.037.110;66;0;271;26.542.183.686.789.200;360;2.669.396.145.722.530;228;3.224.569.192.785.180;2.9
179;23.845.577.582.602.900;198;21.057.619.147.249.200;359;44.841.318.018.685.600;66;0.5749595745759993;146;26.402.479.222.431.100;94;21.143.482.020.611.500;38;26.432.616.132.200.800;2.1
144;23.351.801.761.915.700;142;3.140.418.785.654.730;183;54.015.286.807.331.800;68;0;93;4.289.572.013.829.710;38;39.008.239.556.995.800;20;27.544.916.416.627.500;2
168;22.406.459.137.685.400;168;22.348.253.008.348.000;210;4.814.607.787.461.410;68;0.6044933728855784;105;2.959.690.892.810.000;52;21.611.213.002.389.400;16;23.380.322.312.069.500;1.8
162;2.051.707.119.645.670;138;2.260.669.931.292.350;161;3.332.018.272.551.430;68;0;103;2.794.930.919.456.640;59;2.728.122.707.208.860;43;30.074.750.826.029.900;2
164;21.213.694.476.288.900;149;18.951.773.590.411.500;237;63.761.297.473.903.000;68;0.4988876515701181;108;2.266.026.257.570.720;67;3.396.061.444.281.200;38;2.223.622.544.907.790;2.3
249;20.895.794.925.346.400;285;24.531.972.556.539.100;418;9.029.915.763.628.410;66;0.9230769230768765;175;3.876.867.272.950.030;144;5.123.902.682.353.050;63;36.469.829.266.745.400;2.6
191;2.539.343.996.979.920;184;20.587.705.394.802.300;161;4.468.428.317.837.870;68;0;110;28.452.894.087.004.200;51;3.014.037.708.056.840;26;33.821.362.021.655.300;2.8
357;3.102.687.007.525.350;331;9.899.494.936.611.660;499;31.843.366.656.181.300;66;0;254;228.083.805.260.746;236;3.896.437.118.987.310;171;32.998.316.455.372.200;1.4
153;19.234.821.722.196.800;161;1.989.852.570.017.600;189;55.357.669.805.309.300;68;0.42118070409911584;96;2.894.428.732.105.050;58;3.961.960.825.869.180;19;2.996.695.493.903.250;1.7
180;24.537.952.038.848.600;189;2.187.250.454.897.390;228;5.486.159.593.194.870;68;0.32647603528261454;154;29.935.891.970.556.100;104;2.607.957.279.357.040;65;29.143.171.603.594.000;1.9
214;20.946.793.694.739.100;209;33.715.492.419.149.700;372;12.485.479.455.424.700;68;0.971924214226985;137;367.632.470.298.793;70;6.597.136.843.576.300;13;2.468.023.879.242.680;3.5
346;3.435.385.713.424.320;355;3.076.828.724.514.900;469;1.218.882.685.084.990;322;1;318;3.681.966.186.699.700;305;4.304.866.432.306.580;248;2.307.054.399.011.860;3
288;4.003.240.983.487.850;246;5.769.998.903.446.570;303;10.237.904.161.954.400;68;0.6062480804701763;192,1750547;5.444.297.086.010.410;156;727.737.749.470.552;107;5.991.632.622.192.630;3.8
187;26.502.143.995.602.200;127;16.646.047.851.995.000;203;3.574.912.586.343.890;68;0.5749595745758077;70;3.502.796.993.383.930;93;37.152.800.412.787.100;47;3.620.259.796.165.950;3.8
194;24.056.536.052.546.300;185;20.143.546.874.526.200;260,8862939;3.055.552.919.572.340;68;0.4689745519477679;132;27.516.323.578.847.800;102;28.600.941.464.038.100;64;2.799.856.522.662.990;2.5
130;7.077.273.794.212.610;116;6.286.862.627.448.970;88;1.244.801.005.541.050;324;0;68;8.610.917.689.644.320;30;2.094.767.157.282.840;15;16.076.645.235.589.600;2.5
268;27.605.408.777.085.600;254;1.956.642.925.545.160;364;27.803.614.056.266.900;68;0.954916349412345;148;2.298.758.661.068.170;48;23.665.263.103.003.400;11;288.331.973.857.284;3.6
203;22.964.341.257.431.000;205;2.095.062.222.055.870;250;35.337.638.920.700.300;68;0;135;26.428.643.822.294.600;99;29.141.872.357.310.700;87;33.525.272.221.877.900;3.5
320;3.327.672.265.340.300;228;1.749.874.382.290.950;222;2.386.721.853.730.750;68;0;145;1.448.512.818.740.720;47;17.262.073.697.718.700;40;28.981.353.221.465.400;2.9
196,7460159;6.906.695.094.629.370;162,5;7.688.759.518.218.400;137;162.497.185.911;324;0.7026471502469085;114,5;7.542.561.679.322.910;85,8;12.430.914.263.957.800;66,34305556;888.673.634.357.612;3.6
133;2.145.374.036.802.310;127;21.360.577.576.827.000;183;40.429.415.947.959.000;68;0.2570934208531139;80;27.225.536.847.756.400;53;4.197.243.875.953.170;40;2.849.826.519.757.360;3.2
141;5.178.635.356.827.740;125;5.487.264.812.625.060;120,1960488;13.908.425.376.233.900;324;0;80;7.923.323.201.920.850;36;16.653.569.009.507.700;19;107.559.939.588.063;2.1
215;333.608.383.020.851;157;3.350.927.460.441.450;177;5.103.049.158.645.940;68;0;118;36.546.385.668.719.300;75;4.444.135.258.815.510;66;4.039.196.526.484.650;3.9
127;1.986.444.111.374.000;102;18.365.821.978.746.700;138;23.032.022.239.545.200;68;0;58;20.794.445.250.768.200;39;1.615.592.277.867.310;21;250.713.644.054.086;2.1
188;23.201.583.470.666.500;156;18.502.917.620.144.500;206;23.199.245.565.256.700;68;0;107;19.261.772.215.623.700;31;21.472.007.040.990.900;16;2.686.853.278.670.610;4.6
135;6.583.658.368.646.550;145;923.896.152.954.367;244;1.823.959.214.206.470;324;0.23987849235209519;97;12.173.248.109.038.700;112;15.397.308.050.766.100;81;1.285.941.227.232.240;2
304;20.371.036.038.320.700;275;22.158.607.868.343.100;343;26.119.265.377.784.200;68;0.34283965148423073;213;26.375.424.045.351.100;109;43.650.926.126.473.000;84;31.178.887.867.730.300;3
288;46.851.558.267.689.700;246;58.326.792.053.740.400;303;10.852.373.076.156.300;68;0.8171178990204816;210,7561805;535.580.582.689.135;156;8.990.402.726.044.620;131;63.448.986.129.255.400;3.8
201;26.450.057.261.412.200;203;22.508.658.658.957.100;212;3.362.852.251.815.210;68;0;133;31.554.663.514.863.600;99;31.714.110.109.283.800;50;36.154.954.532.091.400;3.5
180;1.916.727.028.293.100;173;25.232.497.954.456.500;218;23.447.100.493.815.200;68;0;98;26.355.969.326.009.800;44;26.133.880.402.675.500;23;3.601.021.990.474.830;4.98
363;1.817.106.215.937.850;333;20;296;17.428.425.057.933.300;68;0;268;21.592.461.068.623.000;139;4.424.011.188.955.110;81;28.644.371.174.805.000;2.4
132;18.076.227.482.525.200;157;19.5;249;2.218.072.079.532.130;68;0;105;18.950.181.397.548.600;99;6.032.826.866.403.510;85;27.321.866.242.992.900;1.4
276;23.680.160.472.429.200;198;26.846.787.517.317.500;277;5.933.380.149.628.030;68;0;167;4.854.572.586.747.460;114;1.944.865.033.877.670;61;2.035.313.243.704.760;1.5
405;21.065.374.432.940.800;409;18.853.050.151.102.800;688;5.992.286.708.761.520;66;0;309;10;276;26.832.815.729.997.400;172;19.156.836.247.146.800;2.5
258;6.033.550.907.574.530;244,5714286;6.496.761.360.754.680;241,6666667;11.703.066.141.227.300;324;0.7905456610199424;151;6.640.806.523.259.820;86;9.319.748.799.470.680;62,33333333;7.566.194.951.976.780;1.5
298;5.962.442.841.460.290;271;53.224.132.060.222.800;195;4.167.088.825.495.040;324;0;167;4.825.809.497.181.600;52;15.751.996.502.819.300;29;1.766.035.839.866.140;1.8
169;5.001.197.084.172.190;130;532.645.665.679.325;57;523.291.270.148.039;324;0;64;5.534.073.674.480.030;20;4.767.130.200.735.720;16;41.005.785.935.051.000;2.2
129;20.128.662.237.671.400;124;1.560.353.587.694.320;144;19.031.906.185.563.200;68;0;44;16.895.561.174.391.500;7;36.108.697.833.503.400;17;23.506.326.042.135.100;1.4
525;2.469.026.883.207.220;495;20.332.650.261.750.500;688;27.547.938.015.192.900;66;0;385;19.497.150.788.997.200;276;19.229.922.791.201.000;197;27.416.508.358.205.500;2.2
399;1.521.504.376.554.500;260;16.865.804.607.613.400;195;1.970.560.162.828.630;68;0;180;1.833.868.190.249.880;77;20.802.032.054.294.200;56;16.031.153.250.055.600;2
148;19.457.367.806.072.000;136;15.539.043.656.440.700;131;1.562.291.952.122.680;68;0;57;18.149.603.509.179.800;25;26.618.979.099.679.500;15;2.570.799.216.515.400;1.4
224;7.029.418.782.403.020;213;73.569.819.753.018.100;179;8.587.910.422.159.170;324;0;171;7.717.510.375.348.690;138;8.077.110.129.528.320;115;6.614.636.282.404.170;1.3
285;2.955.106.269.023.920;285;28.441.490.244.833.000;377;38.818.307.142.220.400;68;0.37115374447914506;193;33.582.369.037.994.900;155;2.782.899.218.661.080;129;25.088.313.402.613.400;1.3
227;23.876.618.063.476.400;184;21.457.603.406.749.600;191;1.617.575.212.909.170;68;0;98;2.143.363.119.267.840;29;46.466.882.642.637.800;16;29.499.799.749.408.400;1.3
356;2.111.550.435.721.570;287;2.475.490.018.088.870;255;1.904.763.730.420.410;68;0;199;24.025.909.533.719.900;62;2.152.971.232.779.140;46;28.941.021.115.600.000;2.4
172;1.970.597.382.335.670;198;12.975.402.059.324.800;286;2.283.869.447.086.190;68;0.7820717427960212;105;21.354.608.956.183.100;99;2.657.890.805.294.910;50;28.492.274.458.942.800;1.4
410;10.209.649.018.516.000;349;11.419.398.015.644.100;389;2.256.230.531.599.150;322;0.9999621920995926;243;12.256.907.161.143.800;121,3333333;17.923.375.998.493.200;69;10.468.565.458.548.900;2.4
196;4.327.925.470.521.580;159;3.883.415.748.332.260;139;5.422.401.355.758.300;324;0;100;37.150.103.966.782.700;59;3.498.559.429.884.810;45;2.558.166.022.866.040;1.4
133;1.873.076.833.500.590;108;15.655.508.233.150.000;147;179.927.288.168.069;68;0;46;18.096.234.207.745.400;31;2.291.377.222.942.520;17;25.175.865.359.453.900;1.8
687;3.245.252.144.986.330;684;3.269.733.854.252.010;904,5;7.017.431.434.831.610;322;2.758.197.275.982.960;582;32.203.670.212.390.400;549;42.336.356.961.948.400;455;3.141.931.726.906.090;1.2
239;5.236.604.117.585.030;227;5.547.620.882.731.380;213;47.510.431.757.813.000;324;0;134;5.565.538.185.198.790;48;19.055.628.885.674.200;26;14.003.330.236.731.800;1.4
176;6.418.837.961.917.170;156;64.597.862.564.725.500;119;7.701.780.496.114.810;324;0;107;6.633.851.182.871.700;70;708.877.899.568.422;51;553.413.060.509.916;1.8
379;2.489.681.088.384.930;286;2.296.185.463.263.070;241;2.492.562.910.937.510;68;0;180;2.213.848.710.545.920;52;1.841.996.281.656.790;30;2.610.149.680.752.460;1.8
167;2.264.436.521.040.940;137;18.261.037.783.904.200;170;1.739.521.091.389.580;68;0;76;18.594.085.702.297.600;49;17.404.911.645.290.800;39;27.338.843.443.872.300;1.9
264;17.787.049.278.426.900;238;1.814.198.128.601.570;200;2.078.048.116.371.480;324;0;195;19.998.172.569.316.500;142;1.812.839.716.767.410;119;15.273.095.079.659.800;2
248;1.827.190.409.724.300;254;12.443.326.068.072.100;280;15.450.758.894.411.000;68;0;199;2.030.465.484.228.830;139;19.787.098.225.822.400;109;24.041.946.814.090.700;1.4
180;24.505.640.422.530.800;172;2.005.456.351.428.200;197;15.768.936.799.286.000;68;0;86;2.357.541.180.993.410;31;2.421.104.718.332.280;17;30.151.428.542.312.800;1.7
121;7.550.741.208.073.890;108;828.761.322.737.458;88;8.842.588.953.593.000;324;0;84;8.739.844.963.050.300;47;8.425.286.626.530.730;33;78.426.164.816.518.900;2.8
351;21.864.308.353.981.100;360;1.949.637.365.918.530;578;306.193.940.353.617;66;0;297;19.816.056.090.239.800;319;19.479.763.934.362.100;205;29.160.369.253.255.700;4.1
198;2.065.975.838.940.030;198;18.161.244.032.409.500;320;1.206.006.863.473.220;68;0.6912374074013938;146;19.405.463.329.507.800;71;2.486.784.292.200.640;38;23.721.073.503.268.700;2.2
131;2.287.637.821.576.340;129;1.972.797.314.736.540;130;21.675.469.768.007.400;68;0;62;2.291.140.534.911.940;36;38.395.471.932.311.100;18;28.881.349.447.169.100;2.6
186;1.952.586.425.744.060;186;1.683.411.250.259.410;210;16.699.695.917.890.300;68;0;123;17.709.597.503.896;52;30.234.807.651.943.100;40;2.339.160.840.451.120;2.1
213;25.647.807.038.043.800;196;2.565.761.023.291.710;160;2.477.479.362.300.080;68;0;155;27.792.739.300.473.200;82;27.910.730.869.154.600;67;3.121.611.509.376.570;2.5
182;22.234.515.017.594.100;167;17.162.587.169.002.200;197;18.286.736.801.017.000;68;0;108;19.843.507.282.863.300;43;207.960.776.748.691;38;21.093.955.891.777.000;3.6
371;33.020.861.344.771.500;389;3.229.880.554.302.540;601;6.594.665.258.869.720;66;0;288;31.183.346.695.168.900;250;49.243.607.092.760.400;146;3.564.491.548.594.270;2.6
199;24.789.635.771.157.700;165;17.521.883.143.340.700;130;17.582.802.124.677.200;68;0;115;21.603.137.632.194.800;52;21.380.441.152.812.700;27;3.252.654.364.771.430;3.8
158;2.036.964.629.191.240;146;13.582.765.496.966.100;155;12.827.221.784.150.300;68;0;99;17.137.938.971.633.600;36;24.981.025.182.861.300;19;22.370.339.912.112.600;1.7
168;2.460.027.000.029.490;155;14.996.911.552.368.700;195;2.305.960.000.421.880;68;0;106;19.702.277.726.563.700;60;26.954.129.268.841.600;20;26.237.122.183.774.300;2.4
217;2.024.067.377.107.400;210;1.761.247.133.953.370;290;2.217.046.403.195.270;68;0;137;2.044.030.678.482.700;46;25.870.392.476.702.400;38;2.628.839.102.025.350;3.6
463;3.591.718.415.531.840;445;36.179.877.888.321.200;505;354.892.248.133.808;68;0.9785767505653309;372;373.164.568.230.558;261;3.717.250.304.592.040;197;3.872.220.233.002.250;3.1
203;20.941.247.469.724.300;237;28.184.252.271.872.700;227;27.307.796.988.847.000;68;0;152;2.550.368.044.543.720;47;25.116.803.264.515.400;25;3.492.191.920.809.150;3.94
219;2.059.189.397.453.560;187;1.714.638.685.643.780;196;18.416.071.821.190.500;68;0;124;21.482.969.031.586.300;67;17.080.778.467.876.700;37;27.197.690.080.697.800;2
321;38.437.845.529.037.800;310;34.106.348.619.761.900;297;695.246.333.912.144;324;0;206;4.410.448.774.341.690;94;5.987.248.404.505.830;64;5.210.079.417.459.180;1.6
348;21.166.681.579.570.000;388;17.512.746.243.571.900;769;1.878.738.353.147.440;66;0;324;2.242.233.784.653.430;351;17.928.634.928.884.500;264;2.393.117.876.638.670;3
184;17.987.229.711.164.700;156;16.873.382.517.952.400;170;20.034.192.835.941.500;68;0;110;1.941.902.980.986.850;49;2.608.216.944.805.380;39;25.068.858.122.240.700;2.5
255;16.560.285.491.366.100;265;10.712.142.642.814.200;275;2.100.529.033.891.740;68;0;191;1.449.401.217.361.460;137;16.456.170.743.996.100;108;2.677.218.706.045.510;1.7
557;7.777.317.446.695.010;773;11.080.413.149.136.400;1202;19.508.004.055.315.900;322;3.016.988.933.062.610;691;9.672.412.085.697.950;900;22.491.677.473.135.500;643;15.761.345.120.261.700;2.4
223;1.905.223.489.045.270;190;6.255.861.449.004.340;156;25.677.486.896.761.000;68;0;132;20.654.715.779.952.400;81;21.092.974.665.677.500;66;19.595.917.942.265.400;2.3
265;21.379.436.095.338.600;284;21.338.537.339.831.800;351;29.141.983.434.346.300;68;0.5842215759638304;171;16.698.528.146.517.200;56;24.429.397.733.877.700;43;29.079.514.223.040.500;3.4
141;12.341.011.591.751.700;137;12.392.516.255.677.700;163;20.402.679.325.801.700;324;0;92;11.680.044.539.884.500;89;14.426.517.117.283.200;59;10.057.260.969.799.900;4.3
201;13.932.717.445.528.200;184;15.106.295.642.278.700;148;16.476.877.817.884.600;324;0;152;16.091.879.714.086.200;102;14.508.638.034.279.600;80;13.063.937.255.925.500;5.5
318;23.176.420.068.421.300;321;17.082.634.633.910.200;501;2.221.206.434.506.120;66;0;243;22.220.711.059.729.700;226;26.666.477.365.583.200;157;2.516.938.066.198.870;1.8
321;2.083.010.641.675.480;338;17.437.889.780.589.800;581;18.207.427.056.012.500;66;0;236;16.907.665.585.631.600;112;18.268.496.258.738.800;84;25.465.780.089.279.700;2.2
249;3.934.996.124.134.930;228;39.135.600.839.876.000;214;6.945.087.976.903.390;324;0;121;35.279.437.798.227.100;45;24.239.428.303.449.100;24;15.294.662.339.269.000;6.4
178;14.545.341.186.116.600;155;15.304.665.194.886.700;109;17.725.598.999.847.100;324;0;102;15.963.676.014.654.600;55;15.744.447.549.833.000;40;13.025.325.532.592.000;5.4
322;25.672.206.212.412.700;312;2.281.280.036.588.010;465;22.751.430.707.624.900;66;0.3737332451660835;217;2.207.685.493.066.180;145;2.717.607.817.461.410;90;2.825.402.090.928.880;2.1
145;191.416.173.071.493;94;17.601.605.209.203.100;119;20.260.464.960.287.900;68;0;56;19.067.261.088.455.000;20;18.626.510.153.392.400;12;24.064.835.524.205.700;2.7
203;19.985.321.138.403.200;168;17.177.951.985.011.300;196;2.055.963.363.827.180;68;0;105;202.985.262.179.764;42;1.741.150.311.551.920;37;25.073.924.565.038.700;3
304;321.471.360.044.364;297;29.437.775.912.990.000;298;697.794.482.105.154;324;0;185;25.965.498.249.580.200;64;4.228.557.358.307.080;35;30.192.270.515.941.600;1.4
426;32.025.568.707.513.700;463;30.491.537.833.259.600;850;6.527.300.366.423.660;66;0;392;3.343.953.780.348.660;445;4.249.450.092.300.940;310;3.517.954.144.848.880;2
130;16.567.686.233.956.000;117;12.485.337.661.020.400;171;19.391.665.828.419.900;68;0;57;20.089.912.161.010.500;25;17.009.448.246.192.100;15;21.133.348.552.764.400;4.5
257;1.920.030.896.755.270;264;15.506.525.012.530.200;351;18.189.326.537.813.900;68;0.17746571250064444;209;22.260.511.231.601.700;158;19.338.017.781.583.400;131;2.458.436.685.120.090;2.1
193;22.531.666.305.800.900;153;17.858.637.332.060.100;157;22.068.308.617.209.500;68;0;116;19.536.326.541.326.200;58;1.787.426.062.640.660;42;2.532.603.451.636.560;2.5
271;22.325.720.048.351.800;265;2.326.806.967.891.090;397;29.570.208.622.449.700;68;0.8346869913033956;185;17.119.919.097.638.300;61;21.262.831.726.335.800;44;2.576.529.650.704.170;3.4
114;4.531.321.136.880.110;109;4.079.298.251.918.260;104;8.693.900.789.811.190;324;0;69;3.973.083.402.651.900;49;51.035.537.902.176.500;32;374.808.639.825.888;3.1
136;67.639.561.433.760.800;118;7.134.487.625.162.580;84;828.867.998.664.594;324;0;85;7.648.261.516.305.630;43;7.375.448.323.676.010;27;6.286.331.077.194.250;6
313;14.208.760.990.631.200;322;15.098.344.280.085.600;611;2.344.935.440.949.710;66;0;262;16.162.370.563.200.900;315;18.994.180.395.291.800;180;2.303.755.388.249.560;2.5
285;21.203.657.598.823.800;298;19.084.100.674.402.300;542;2.737.076.524.633.750;66;0;236;20.380.013.200.148.500;135;3.158.310.618.183.800;108;30.035.116.498.232.200;3.9
470,5;5.674.014.103.159.080;470;5.632.993.468.567.960;572,5;8.558.399.282.440.180;322;0;349;54.859.502.434.413.200;308;49.063.734.060.913.000;245;377.832.563.332.918;1.9
240;5.267.238.728.472.970;226;5.377.109.449.150.480;235;7.728.922.459.570.510;324;0;123;443.047.650.182.071;50;3.977.125.573.864.590;27;27.293.841.635.437.300;4.7
151;8.134.954.438.834.070;136;895.256.936.385.638;94;10.085.438.937.147.100;324;0;86;8.578.623.731.646.880;40;8.584.608.007.590.230;27;7.411.796.684.928.610;7
278;25.185.299.675.165.500;288;18.468.963.363.160.200;420;2.475.646.689.374.740;66;0.9370458503584018;176;20.729.686.241.242.600;119;3.344.608.387.511.160;63;2.865.891.917.491.170;2.5
289;18.804.900.720.697.900;279;21.780.275.073.392.200;441;23.315.377.013.743.400;66;0.6573066939388613;197;16.733.233.480.398.000;64;22.858.467.945.507.500;46;30.585.541.891.894.500;1.9
200;24.051.225.125.258.100;162;18.009.230.062.732.300;128;18.682.298.348.845.300;68;0;89;2.571.459.101.537.080;21;21.828.114.870.367.300;26;3.127.808.722.892.320;1.9
336;27.263.095.899.276.200;213;2.383.140.591.125.700;196;21.933.089.316.967.100;68;0;118;21.525.948.241.242.800;26;21.478.771.057.787.700;30;3.188.601.816.066.030;1.7
194;17.085.275.542.647.200;177;1.437.710.050.971.340;197;14.233.154.108.318.100;68;0;107;20.566.180.597.096.700;61;15.131.616.303.812.700;42;22.808.567.890.833.600;1.8
262;13.465.114.675.167.200;244;12.411.864.100.426.300;208;20.863.843.077.699.300;324;0;192;1.253.524.687.239.630;139;16.463.152.183.366.800;116;11.490.076.250.280.200;1
141;18.942.828.731.329.000;113;16.579.475.776.188.800;100;2.101.778.085.220.390;68;0;46;1.885.497.359.864.460;14;26.377.449.625.982.900;22;29.550.603.805.255.700;2.4
263;21.842.869.989.718.600;245;19.462.811.215.447.900;376;20.581.470.763.176.800;68;0.734534421471591;159;1.787.424.181.351.920;93;3.384.391.223.555.810;64;2.538.788.378.059.780;1.5
292;20.784.022.371.463.600;287;2.197.883.836.642.640;279;45.612.830.140.624.900;68;0;208;2.416.881.949.821.910;139;4.899.170.848.215.030;128;3.300.165.715.536.110;2
137;2.136.125.803.895.080;107;15.661.133.500.607.500;95;18.275.977.437.228.200;68;0;44;19.474.747.473.482.100;22;1.979.973.396.388.070;-2;30.303.046.126.031.000;1.9
207;20.898.706.506.082.800;216;24.805.400.994.632.400;296,8333333;5.354.981.466.544.610;324;0.5185085165218791;116;23.411.531.805.204.000;58,47888186;4.542.469.897.118.260;32,41458432;25.664.335.322.396.900;2
240;3.154.928.025.978.980;205;3.097.391.782.971.620;207;27.551.007.319.636.400;68;0;145;3.316.832.898.403.670;94;30.880.929.843.758.600;87;32.694.268.984.726.400;3.7
160;2.117.702.163.506.000;114;232.181.568.317.718;147;30.500.036.497.875.400;68;0.25816180019845275;39;2.206.794.794.136.970;29;19.778.506.349.461.400;15;26.473.340.592.704.100;1.9
285;21.202.971.516.961.900;314;2.230.339.910.430.360;476;30.807.475.485.994.700;66;0.25816180019845275;194;18.222.979.706.153.200;87;29.436.073.183.790.500;46;30.358.989.947.162.100;1.9
204;28.765.908.792.362.400;166;1.847.082.760.762.420;162;2.473.719.809.572.350;68;0;91;25.596.700.575.537.200;21;2.875.857.025.865.150;26;27.818.003.361.747.900;1.9
165;222.331.060.676.827;156;19.058.018.931.997.200;247;3.601.041.745.311.080;68;0.7748183699473753;76;22.260.275.913.301.000;72;19.187.774.656.303.000;39;28.459.236.249.240.300;13
147;22.908.337.224.417.500;123;178.511.779.101.851;121;30.215.988.239.725.100;68;0.21318663208027086;59;263.764.979.844.589;20;4.085.090.136.286.840;25;24.832.986.854.073.600;7.2
133;49.491.535.393.150.400;208;4.556.684.862.070.430;485;1.533.859.703.893.250;322;0;124;5.944.407.093.253.000;200;7.577.703.349.732.300;152;51.857.554.625.404.800;3.5
251;2.242.622.702.568.310;266;22.341.871.049.851.300;503;48.573.907.549.724.900;66;0;193;21.467.449.019.847.200;204;27.484.775.208.804.200;109;2.815.071.830.243.980;3.4
163;6.133.473.778.743.110;166;34.328.774.964.934.900;235;8.882.923.417.713.820;324;0;83;3.584.696.115.606.980;62;54.495.366.890.692.300;35;37.582.867.439.261.000;2.9
120;24.562.256.039.881.700;113;15.792.661.690.332.800;180;4.436.963.374.981.780;68;0.5870870479016665;45;22.255.588.612.521.400;36;3.708.433.270.838.640;19;243.689.981.854.478;5.1
239;30.336.616.534.056.200;231;27.966.777.165.057.800;376;6.309.863.117.262.820;66;0.9995115994824672;179;3.238.813.379.831.410;155;3.816.621.427.531.650;105;35.302.694.988.307.900;2.8
280;5.147.086.554.547.140;264;4.101.524.106.963.160;433;4.069.705.149.024.920;66;0.8660254037844387;227;4.701.329.599.166.600;253;42.702.458.945.592.300;154;3.401.745.875.282.270;2.7
321;6.567.336.468.381.490;286,1516503;653.094.731.068.279;466,8648449;11.416.349.928.100.700;66;0.5821462243885235;212,5733333;662.688.302.697.109;174;6.725.920.907.463.480;117;4.415.393.830.844.180;3.3
126;23.045.367.373.535.800;124;20.643.824.723.216.600;121;1.474.857.481.707.540;68;0;60;2.377.444.315.001.310;20;40.437.229.362.878.800;25;31.999.916.967.689.000;5.7
130;6.500.387.607.878.240;214;8.610.610.035.893.180;483;12.630.323.403.895.300;322;0;136;11.213.945.894.041.400;214;863.838.122.182.253;165;5.581.238.819.238.080;2.8
291;23.118.704.672.260.400;295;1.749.170.124.324.490;656;3.370.588.804.137.400;66;0;237;2.108.928.019.952.380;294;24.965.475.641.081.500;157;27.033.687.120.591.300;4.9
285;215.190.908.972.472;319;18.568.731.609.455.100;620;25.515.899.198.687.100;66;0;219;18.306.038.528.202.200;135;2.020.078.484.912.970;84;26.824.634.933.919.800;1.3
152;4.756.061.229.393.120;160;5.336.999.165.327.220;212;11.513.080.404.833.400;324;0;85;4.801.790.629.303.790;61;6.467.338.527.098.030;37;4.165.751.978.210.610;4.9
286;30.5;205;33;264;62.5;68;0;168;0.5;184;61;160;63.5;4.8
128;31.463.480.692.446.400;143;16;136;2.215.601.247.717.840;68;0;71;2.361.627.394.534.810;37;20.303.256.443.788.000;19;19.014.614.262.602.200;3.2
244;22.064.903.746.091.000;254;19.724.532.776.409.800;453;42.792.894.964.122.400;66;0.9108677292318118;199;21.233.373.143.394.100;201;2.776.576.611.044.020;129;26.187.921.953.370.500;3.5
226;2.597.944.180.471.110;244;28.930.344.687.715.000;395;3.896.464.931.812.390;66;0.9995115994824672;192;30.639.266.447.444.500;208;2.803.637.076.972.510;154;33.069.469.964.757.500;4.2
293;24.229.102.581.157.600;305;1.861.288.413.966.640;398;3.074.490.803.174.180;66;1;186;16.750.927.519.956.300;61;20.511.906.061.484.200;11;310.851.490.978.239;3.7
193;23.979.097.396.509.100;156;20.737.444.102.437.000;124;17.738.112.123.845.800;68;0;106;24.196.640.690.598.600;49;2.605.987.321.973.230;25;31.016.413.491.925.800;3.5
273;2.153.677.438.019.980;303;21.593.813.827.834.300;433;27.186.764.110.999.500;66;0.689130053795165;185;14.310.324.654.752.700;61;22.877.191.469.212.400;44;29.822.945.990.301.300;3.7
218;2.623.073.614.381.930;157;19.336.355.807.172.600;124;17.870.438.067.069.200;68;0;107;23.283.122.776.560.100;50;2.348.423.768.092.240;25;30.536.431.749.230.100;3.5
449;2.842.311.847.774.630;335;21.012.767.166.653.700;332;19.829.432.669.645.500;68;0;203;21.709.668.260.938.500;52;24.162.325.715.874.200;30;26.020.894.988.451.100;4.4
173;1.700.672.228.907.400;174;14.178.187.710.839.000;195;16.976.530.518.616.900;68;0;89;17.226.327.465.843.000;38;22.093.948.488.975.500;19;18.952.560.031.240.400;4.5
110;32.460.937.376.583.800;92;34.941.139.331.900.700;71;4.156.926.233.021.750;324;0;54;3.230.844.051.811.290;26;33.757.929.047.513.700;16;29.545.407.543.479.800;2.8
296;18.856.180.831.632.600;263;4.898.979.485.566.350;222;3.559.026.084.010.430;324;0;205;12.472.191.289.252.900;151;0.8164965809277258;132;2.054.804.667.656.120;4.1
137;2.101.278.478.816.320;109;18.842.938.815.514.100;98;23.777.729.807.166.300;68;0;44;1.789.677.424.734.430;13;20.391.362.287.856.800;21;29.671.937.256.160.000;2.9
281;2.303.038.684.879.450;265;17.263.246.187.242.000;420;18.684.068.845.470.600;66;0.7671151452925419;177;21.034.960.473.501.000;119;3.665.783.791.785.430;63;25.873.421.927.996.900;1.8
248;23.711.717.684.629.100;255;2.181.154.128.743.160;282;19.131.010.311.940.000;68;0;179;2.309.198.844.958.030;140;25.108.874.039.979.400;107;27.819.955.617.426.000;2
246;3.264.619.540.876.880;198;24.279.484.146.591.900;197;22.304.860.676.680.300;68;0;116;29.151.906.978.788.100;30;4.672.070.104.809.270;56;2.937.936.234.130.130;3
134;19.996.373.036.169.900;128;14.189.393.302.146.300;92;17.667.560.309.138.600;68;0;63;2.076.303.080.660.090;21;2.401.565.086.200.660;-3;28.878.934.634.715.000;3.9
193;1.685.929.578.274.080;171;18.400.919.608.965.700;211;18.203.583.978.836.600;68;0;107;19.370.902.888.048.900;52;3.750.767.179.907.300;16;2.306.781.671.288.820;2.2
271;10;187;11.5;184;0;68;0;91;10;86;0;59;12.5;3.8
264;235.044.673.923.406;297;15.596.043.006.029.400;504;2.240.189.703.012.170;66;0;210;1.647.519.505.468.440;83;26.626.388.334.988.100;44;27.649.755.499.932.500;2.6
189;22.484.502.484.360.500;171;19.359.097.907.629.700;165;1.896.328.443.682.580;68;0;95;25.451.451.223.808.700;22;197.482.027.535.768;27;29.489.783.853.783.400;2.6
162;1.954.538.407.316.390;177;14.387.405.924.622.700;197;20.774.966.295.253.400;68;0.1999897966987059;108;19.256.282.292.111.800;61;209.367.844.710.048;42;21.793.799.507.421.700;3
90;38.104.919.329.748.900;77;359.741.558.146.742;74;6.089.099.864.188.450;324;0;47;4.007.613.265.171.160;27;4.109.002.365.670.260;16;36.200.058.486.203.200;3.5
124;2.200.430.181.729.710;114;1.874.823.523.165.890;144;2.111.031.750.462.260;68;0;48;1.991.745.199.391.340;41;27.231.449.233.325.700;22;31.808.092.144.891.600;3.1
265;25.957.455.753.446.000;269;19.773.238.003.341.500;467;21.576.467.194.211.500;66;0;159;21.046.182.823.384.300;120;42.631.412.618.853.000;63;29.761.269.729.549.400;2.7
254;20.733.651.331.125.000;220;20.481.800.024.202.000;248;1.731.764.494.514.990;68;0;165;15.142.300.228.114.200;119;2.123.656.600.152.640;84;2.154.948.178.702.340;2
318;29.643.886.384.885.400;256;318.111.615.631.998;313;346.558.436.630.823;68;0;185;17.023.146.007.715.400;146;21.131.966.306.995.600;103;30.921.836.944.140.300;2
254;22.204.091.663.935.600;282;17.561.768.745.974.200;542;26.368.142.388.065.200;66;0;202;2.267.318.932.059.740;135;31.984.493.492.731.000;84;26.793.445.679.101.400;3.5
138;21.881.545.770.089.600;132;1.980.601.689.720.470;125;19.548.972.985.228.900;68;0;66;2.240.555.618.897.520;21;21.309.384.003.376.500;26;27.936.014.885.527.900;3.8
163;57.142.310.473.876.900;183;5.627.519.622.858.060;293;4.310.540.609.305.460;324;0;96;606.454.206.411.203;67;5.291.502.622.129.180;42;4.929.736.294.872.980;3.5
302;3.074.044.903.074.070;296;23.670.648.212.012.600;540;480.281.425.763.981;66;0.4165977904502423;209;15.733.314.656.570.000;133;19.044.315.435.667.900;79;21.359.960.999.128.600;2.6
213;26.930.128.739.202.700;171;2.151.815.842.186.570;197;13.614.565.780.225.300;68;0;118;22.639.036.012.098.500;52;23.675.429.279.256.800;27;26.533.259.144.523.600;2.7
422;2.690.747.746.909.780;751;4.237.628.316.641.320;600;29.881.390.529.893.500;68;0.9797958971131973;463;32.518.446.687.995.200;269;40.996.524.242.916.000;169;4.437.630.103.726.530;15
177;22.348.085.669.841.500;314;17.136.556.381.777.600;285;4.029.361.308.076.060;68;0.5870870479016665;159;1.891.679.402.995.870;60;20.606.159.366.919.200;18;2.610.285.125.302.240;33
611;3.361.538.628.383.330;639;48.624.644.983.518.700;1054;3.802.051.003.962.840;66;0;365;35.981.653.173.240.500;125;29.813.509.546.410.700;61;3.285.432.700.149.380;0.9
964;489.967.340.307.155;916;39.866.005.890.137.500;1425;42.669.040.883.842.000;66;0;678;3.845.035.967.905.540;195;3.342.744.974.807.570;64;3.789.651.922.947.240;1
807;3.234.035.766.928.390;794;2.911.834.308.785.430;1270;2.785.149.001.245.960;66;0;539;3.429.196.862.709.570;163;3.010.299.576.636.710;65;42.840.223.272.191.400;0.9
134;23.566.166.520.128.200;138;23.136.456.636.680.700;224;2.090.511.598.578.450;68;0.6923946496800337;68;2.122.584.397.595.500;36;25.124.436.346.204.200;20;2.972.271.578.035.960;3
112;0;181;0;264;0;68;0;103;0;91;0;59;0;2.4
182,5070323;4.826.585.853.375.030;131;48.411.304.464.969.700;124;9.423.435.891.435.770;68;0.5102940328867176;44,54891902;49.329.366.507.183.100;45;7.645.443.348.818.950;37;520.511.469.614.263;1.3
157;22.665.663.722.735.500;140;27.825.593.451.887.800;224;1.723.208.262.517.470;68;0.4657960879493329;70;1.928.723.175.128.860;36;28.314.742.660.549.200;20;3.267.784.447.588.430;1.7
273;23.961.534.271.697.600;311;27.969.326.788.416.400;351;26.983.528.370.546.500;68;0;245;18.500.056.150.248.000;184;25.844.463.393.319.600;125;29.182.727.407.618.500;1.7
265;1.636.054.980.823.380;324;23.157.012.543.005.200;354;28.591.411.937.242.300;68;0;289;16.578.634.082.253.100;233;2.549.560.007.665.430;160;3.651.134.419.393.020;1.3
322;2.260.126.488.750.640;371;2.330.861.538.673.040;514;2.804.744.693.868.590;66;0;299;2.491.470.213.089.990;123;24.369.330.436.595.400;86;23.050.468.535.866.900;4.1
168;20.766.609.679.057.500;193;29.124.493.979.887.200;237;21.298.254.646.086.200;68;0;112;19.905.872.684.035.200;39;25.120.375.017.049.900;22;383.486.430.144.879;6
276;29.042.105.740.065.900;319;24.617.587.681.750.800;602;41.379.744.332.187.800;66;0;290;25.321.533.433.061.800;332;3.211.631.604.391.590;196;3.356.062.856.195.750;3.5
137;17.704.718.684.913.000;186;2.543.800.513.529.230;214;432.334.704.134.299;68;0;140;15.754.171.060.934.000;40;27.460.119.660.066.100;22;31.698.763.924.623.700;5.3
250;28.015.441.428.768.300;312;29.704.500.344.564.300;394;44.534.744.754.008.800;68;0.3201453963315482;283;3.278.428.826.109.700;161;3.134.802.630.888.580;127;3.306.575.544.011.480;5.9
244;21.584.459.430.082.600;316;2.639.917.928.017.200;292;15.840.130.120.116.700;68;0;177;3.320.757.527.365.640;59;26.084.664.502.772.900;56;3.359.181.034.452.030;6.9
201;175.736.138.477.818;211;13.380.647.134.052.800;172;1.834.612.543.864.440;68;0;127;15.502.989.799.971.600;36;15.682.539.082.500.700;20;2.693.717.073.767.060;2.4
236;18.702.114.514.804.000;284;2.298.347.399.159.340;509;2.273.562.694.284.950;66;0.292699819791976;228;1.793.156.579.148.190;81;24.101.621.660.332.000;53;26.521.196.450.274.000;3.9
181;25.545.284.580.163.200;187;30.990.491.616.329.100;192;19.973.131.827.325.900;68;0;108;2.014.456.252.248.030;39;28.503.992.633.243.700;21;3.269.510.672.454.750;3.6
275;25.346.843.288.710.100;344;21.167.002.246.958.500;523;29.639.014.870.855.500;66;0;279;22.161.322.030.734.800;254;26.983.250.290.870.900;195;3.311.157.449.115.300;7.3
192;21.233.076.050.536.000;254;20.329.045.058.553.500;305;23.228.688.162.561.500;68;0;189;2.257.226.305.696.940;61;2.524.278.192.513.960;59;30.321.336.570.736.400;3.8
214;19.986.389.926.970.900;280;25.787.549.950.049.600;244;5.063.828.420.932.520;68;0;219;3.929.289.977.577.520;110;3.527.507.711.911.670;55;25.383.677.152.052.600;4.2
213;16.946.628.237.404.100;322;4.228.464.177.104.040;271;8.791.061.735.644.300;68;0.6998542122236239;226;3.350.120.991.486.180;54;46.060.494.580.472.400;53;38.094.999.999.255.900;6.1
253;1.688.979.887.750.130;380;34.904.599.492.898.300;349;9.387.256.764.846.740;68;0.785353452498623;264;36.429.287.263.430.500;90;4.619.376.522.408.870;59;309.597.793.355.821;9.3
225;20.656.831.136.416.700;320;23.890.895.646.109.500;190;2.352.786.303.208.650;68;0;141;21.950.525.356.561.700;38;26.055.228.906.700.700;21;31.633.936.702.577.500;7.6
270;1.901.694.789.134.510;337;2.246.378.796.952.550;350;24.735.224.227.772.000;68;0;270;20.337.299.055.119.500;159;19.465.383.808.638.900;125;2.759.054.569.857.630;2.4
97;23.960.069.433.825.000;101;27.294.585.647.504.300;83;2.172.167.606.423.350;324;0;56;238.318.652.807.512;23;22.339.105.709.066.800;13;1.594.786.112.937.200;2
73;5.881.819.828.783.420;104;76.416.128.798.077.700;73;8.545.104.731.885.530;324;0;70;8.724.728.706.582.240;33;6.580.943.969.478.220;22;4.900.833.203.646.640;2.7
179;19.566.531.908.296.000;164;1.905.957.864.868.220;212;22.134.531.845.060.500;68;0;103;2.129.529.985.509.390;36;16.311.539.673.820.200;20;3.081.170.182.556.870;3.3
77;1.854.384.212.838.190;104;21.700.659.691.708.900;92,6692607;36.120.167.059.768.700;324;0.17086691233032267;50;23.011.257.024.052.100;56;25.814.004.633.291.800;53;1.901.924.903.643.760;4
233;2.825.900.888.292.050;251;26.358.109.680.594.600;325;29.927.348.592.409.900;68;0.33791544979628013;211;3.257.218.411.111.180;125;2.960.923.415.768.870;85;2.747.230.439.279.740;2
494,7191201;5.698.695.253.753.770;632,5841614;661.641.361.054.038;741,408037;694.030.742.160.611;66;0.5220070396851638;578,5659257;6.704.918.943.630.660;456,5688678;6.559.724.573.757.950;390;6.522.945.261.068.240;2.4
199;2.197.025.356.072.370;152;20.053.043.845.612.200;168;1.821.421.932.082.540;68;0;119;27.880.119.046.773.800;72;22.639.036.012.098.500;62;25.386.288.972.988.300;3
164;45.687.244.832.643.600;196;5.332.859.014.871.040;206;54.362.338.441.520.700;324;0;184;55.515.895.487.838.500;160;54.118.190.534.355.400;128;4.643.464.206.814.280;1.9
198;2.356.239.502.718.840;212;1.957.278.333.693.560;245;3.438.944.474.674.730;68;0;123;2.387.000.324.991.350;47;35.879.077.574.489.700;38;26.480.192.074.841.500;3.3
236;12.325.845.812.762.700;259;13.562.149.534.642.300;473;27.243.338.635.343.400;66;0.4358898943542344;218;1.346.904.877.858.860;187;2.046.852.461.707.970;133;14.878.104.718.007.600;2.4
69;1.061.218.996.105.820;104;23.832.739.488.539.700;78,25;4.393.259.529.156.810;324;0;73;29.422.732.468.107.200;30;24.161.192.950.977.600;20;1.417.718.128.834.500;2.6
157;20.675.506.862.518.200;163;17.114.479.770.489.900;253;4.317.464.055.179.670;68;0.47721259842451025;140;26.029.650.395.741.300;62;29.839.977.252.408.200;19;26.761.710.789.315.800;3.3
119;6.545.931.700.366.920;164,25;9.921.249.702.861.750;232;21.881.764.035.488.400;324;0.89389526874549885;108;9.369.039.480.090.540;126;18.226.565.336.730.400;94;9.860.592.821.498.400;3.9
217;57.371.881.958.901.800;253;6.134.164.999.974.610;326;12.415.220.447.717.800;68;0.8844332774282527;184;705.516.044.387.999;125;7.549.970.484.775.920;85;6.168.587.888.910.220;2.3
540;11.884.403.592.586.600;641;1.504.198.440.216.320;780,00147;17.416.257.554.832.900;66;0.5440073363770894;616;16.050.716.867.375.900;506;15.973.734.717.314.200;390;13.662.647.243.975.200;4
329;36.078.999.637.961.700;316;3.020.029.554.887.960;283;3.825.933.689.315.750;68;0;264;4.367.855.441.406.550;187;35.728.450.998.382.200;155;3.814.838.227.563.430;2.8
59;5.540.253.732.003.780;74;14.667.576.450.001.300;84;2.184.492.964.622.480;324;0;52;2.325.607.502.918.280;30;14.272.752.173.898.300;16;9.269.315.013.480.260;1.8
207;23.944.299.998.825.300;219;35.059.240.601.321.800;288;982.012.873.335.391;68;0.7383492030879952;148;4.613.015.072.423.880;72;76.172.419.948.717;39;4.642.242.754.682.460;2.6
101;3.310.603.029.292.400;108;2.377.165.049.717.440;68;20.546.513.335.598.400;324;0;52;28.655.457.869.322.100;20;18.591.582.044.445.700;12;23.534.219.411.355.500;1
106;37.244.966.983.975.000;108;33.670.085.360.496.200;83;26.364.465.975.296.200;324;0;61;24.494.468.681.913.200;23;2.002.007.499.103.090;13;20.911.416.369.858.200;2
242;2.108.221.706.897.090;243;21.712.913.606.514.000;361;2.600.587.540.452.260;68;0.3996526269427267;186;16.087.572.603.843.900;118;18.668.568.024.858.300;86;25.784.807.320.983.500;3.1
76;7.825.845.612.817.210;99;9.395.626.562.264.090;71;9.770.154.110.512.890;324;0;71;9.267.175.821.772.880;37;9.695.804.827.535.620;26;8.489.380.591.229.230;2.6
206;20.251.639.165.482.100;175;13.984.117.975.601.900;166;20.852.417.925.346.900;68;0;145;20.322.975.503.929.800;70;16.484.639.314.626.500;61;20.163.333.057.805.600;2.5
180;2.066.519.656.281.300;165;16.803.271.667.409.100;170;1.773.868.607.131.550;68;0;104;1.748.960.249.182.560;36;27.506.717.946.846.400;20;24.462.166.103.228.300;4.1
260,2840844;88.334.478.697.759;318,6154784;1.054.095.256.432.210;320,4145707;1.230.845.497.325.530;68;0.6912374074013938;236,1107236;11.585.339.053.502.100;146,4444444;11.408.925.469.643.900;117;978.710.280.523.619;4.2
481;3.676.332.716.008.990;563;34.757.582.040.430.300;672;3.709.084.710.969.540;66;0.863908007329316;523;35.657.837.551.784.000;361;4.035.652.160.241.700;287;40.279.631.560.278.500;4
331;11.585.431.464.655.400;440;1.126.449.683.247.660;760;14.974.051.630.145;322;0;379;1.613.140.484.341.730;480;15.895.492.023.421.800;385;10.198.039.027.185.500;4.1
283;9.664.726.760.962.140;328,2105698;10.947.150.272.997.000;340,5;11.705.778.311.764.200;324;0;320;11.462.256.152.535.800;296,75;11.331.943.367.621.100;248,255;9.728.412.386.698.390;2.1
251;9;245;0;369;0;68;0;206;27.5;167;12;160;0;3.4
195;NA;268;NA;527;NA;66;NA;221;NA;302;NA;197;NA;2.8
911;NA;904;NA;1026;NA;66;NA;700;NA;271;NA;74;NA;1.9
156;2.551.323.360.884.590;129;19.182.396.309.656.800;115;24.115.063.059.208.100;68;0;90;23.558.848.066.818.400;18;16.403.647.980.343.200;24;26.907.297.809.078.500;2.5
460;16.577.659.306.118.700;483;1.795.913.585.912.620;490;2.003.265.686.060.530;324;0;450;19.375.093.416.717.500;369;179.961.911.650.861;303;15.650.652.435.445.500;1.7
195;7.454.014.310.596.350;205;7.509.330.470.047.070;196;10.007.054.852.347.500;324;0;164;7.956.587.735.002.600;126;8.227.583.587.847.790;101;663.309.521.346.571;1.9
413;29.446.160.422.648.400;329;2.348.710.917.760.340;267;2.499.880.327.714.210;68;0;208;2.753.392.497.980.240;40;33.158.053.756.600.600;10;3.261.219.160.562.980;2.4
192;4.487.400.270.159.220;224;51.999.894.979.940.100;328;60.189.909.842.073.100;68;0.7820717427960212;159;5.786.041.079.318.440;80;6.138.860.870.831.840;52;5.171.738.318.174.460;2
161;22.130.864.147.813.900;151;17.658.663.663.110.600;160;19.786.396.318.934.400;68;0;93;20.207.723.053.474.300;34;16.216.225.711.655.600;18;24.186.467.437.403.700;3.2
462;3.517.444.526.925.760;361;255.250.778.647.198;231;27.002.222.130.780.200;68;0;257;21.898.456.566.616.700;112;25.804.991.765.160.400;60;21.120.454.540.563.200;3.5
127;17.053.157.374.325.800;114;15.990.781.843.604.600;151;15.650.295.109.998.200;68;0;73;15.461.927.548.940.000;12;22.900.909.115.388.300;18;2.438.319.980.400.860;1.8
161;2.098.978.682.642.320;160;17.760.567.999.852.200;157;1.753.445.463.505.710;68;0;93;17.048.975.316.313.600;35;36.374.239.905.631.700;19;24.020.082.134.032.900;2
241;19.479.905.253.225.600;290;19.751.646.684.109.100;351;2.148.811.602.804.630;68;0;241;1.899.178.041.067.770;159;19.345.280.188.574.600;125;2.987.993.898.995.220;1.7
571;7.213.341.518.643.880;519;7.730.581.944.704.700;446,3298292;8.665.381.197.481.300;324;0;457;8.306.917.712.952.480;338,3333333;8.279.031.327.680.760;274,43257;7.286.953.580.158.500;2.6
506;163.344.585.083.683;522;175.093.397.827.026;528;1.987.651.571.369.110;324;0;502;18.779.059.257.126.100;437;18.579.700.253.224.900;374;15.541.658.959.100.900;3
144;22.116.231.692.216.600;137;19.786.707.915.262.800;120;24.308.155.440.509.500;68;0;75;22.946.209.118.663.800;19;2.316.276.775.611.930;-3;3.246.380.774.454.100;2.9
406;3.428.889.107.028.180;454;3.771.232.894.231.420;458;4.553.154.813.595.030;324;0;416,2398871;4.185.966.643.462.480;350,6;44.446.223.249.952.400;284,5;3.711.965.416.134.360;2.1
197;1.617.891.201.122.100;224;19.023.555.468.836.700;225;2.353.805.679.367.660;324;0;187;21.255.133.928.923.600;157;21.319.244.520.749.700;126;1.729.164.227.797.940;3.4
290;20.427.880.682.506.900;256;17.637.782.382.142.000;273;21.420.726.202.140.900;68;0;162;23.219.571.447.696.000;42,06317139;35.587.681.742.246.600;36;26.299.876.850.838.100;2.5
179;14.865.590.126.068.300;225;1.675.060.150.274.110;296;18.396.558.505.310.700;68;0.9005354424873442;132;15.630.918.538.804.100;80;2.565.872.756.699.100;52;28.313.994.104.149.300;2.5
156;22.281.056.856.531.300;141;18.104.310.758.847.700;167;213.465.666.659.207;68;0.2916610405438281;83;20.836.801.223.657.000;35;197.028.599.068.972;19;29.333.527.559.934.300;3.1
131;20.422.913.037.230.500;134;11.293.848.786.315.600;152;18.731.092.090.749.000;68;0;74;19.584.437.378.232.400;35;18.759.554.000.714.000;19;214.275.801.519.991;2
151;21.681.289.184.641.200;146;13.287.986.889.863.000;160;2.038.030.752.001.980;68;0;81;18.549.706.965.020.400;36;23.429.904.676.563.500;20;21.297.539.126.496.400;4
227;21.846.657.983.049.800;256;19.948.443.577.788.700;353;24.870.257.751.919.400;68;0.16963333204031578;243;22.477.335.781.149.000;160;2.800.471.143.636.180;125;31.891.639.414.841.400;2.7
677;1.407.307.501.732.340;648;1.542.954.589.178.150;615;26.779.680.248.991.500;68;10.060.206.570.080.300;567;15.462.355.322.943.600;416;22.550.386.334.223.000;384;2.046.391.138.016.060;1.4
294;4.281.370.869.936.390;292,5;4.744.733.037.632.740;321,6004184;10.663.297.947.886.100;324;0.9005354424882811;222,3350854;4.571.949.774.735.180;204,75;8.023.653.104.212.310;146;462.662.728.174.648;2.4
112;23.813.953.679.178.700;136;27.430.969.670.036.000;158;22.224.579.795.126.400;68;0.16963333204031578;98;18.361.226.418.209.600;54;27.261.362.668.802.200;29;3.592.105.000.759.850;1.9
215;28.567.506.971.816.300;186;28.993.294.140.262.900;198;3.226.278.129.146.490;68;0;141;3.617.417.197.384.170;70;3.327.359.518.714.800;59;35.074.493.604.948.800;1.5
625;6.941.296.708.828.980;628;8.356.650.046.519.840;754;12.495.663.247.703.100;322;0.9797958971120831;578;8.720.412.834.264.210;652;11.089.887.285.270.200;575;9.520.630.231.239.930;1.8
177,6620917;11.062.771.486.121.900;177,2466336;11.560.941.258.441.800;146,8558559;19.915.715.352.280.900;324;7.495.774.472.867.600;129,0587447;12.330.436.411.137.200;107,1150762;17.668.580.488.640.300;85,33868915;1.367.037.973.162.850;2.4
127;117.137.070.382.177;152;12.296.981.885.611.700;140;13.830.888.556.447.400;324;0;116;13.416.940.139.752.900;102;13.047.648.286.718.300;81;11.402.686.812.354.400;1.5
471;14.597.255.388.904.000;425;16.471.861.204.962.700;333;17.396.103.573.948.800;324;0;339;17.168.034.896.930.400;238;17.118.607.212.296.400;152,1341256;1.576.340.346.780.760;2
112;26.396.438.707.589.800;136;26.916.162.784.050.800;203;2.990.282.067.441.340;68;0.25816180019845275;97;2.040.438.108.827.410;54;21.221.782.387.147.500;29;348.884.060.424.807;1.9
192;19.069.689.523.644.800;223;19.796.567.440.885.800;363;21.624.792.610.257.500;66;0.5067909812654395;158;1.756.709.200.828.890;80;25.221.429.211.652.500;52;26.557.609.936.284.000;4.3
50;3.073.535.707.714.800;186;30.674.127.545.438.000;529;30.557.016.744.029.500;322;0;120;32.649.036.309.486.500;286;23.282.976.066.243.200;212;2.040.504.109.788.480;3.4
167;2.306.489.033.870.240;147;18.755.606.023.253.700;214;3.286.306.399.333.020;68;0.5067909812654395;106;21.630.944.056.716.000;62;25.419.934.586.508.000;20;30.226.781.886.965.200;2.9
178;16.111.900.609.810.200;249;2.354.501.679.956.830;311;24.921.024.683.274.300;68;0.841517481274631;153;10.959.165.851.378.100;63;20.606.563.672.189.600;22;2.926.914.390.692.450;2.6
344;4.615.890.456.746.140;376;4.964.212.259.341.180;446;6.687.349.604.671.780;68;0.9946348346106166;341;5.470.393.294.901.060;302;5.779.276.739.813.970;244;49.221.206.574.418.300;3.2
152;2.674.136.480.653.100;160;1.884.693.875.916.500;232;5.423.776.550.615.440;68;0.6389710663784821;100;28.661.898.713.620.100;68;27.125.857.224.749.800;37;2.451.518.066.097.480;3.4
210;2.132.481.547.638.900;200;16.046.615.766.292.200;203;27.971.764.188.851.900;68;0;148;19.390.382.636.129.400;55;22.695.248.086.643.200;29;31.225.787.354.658.700;4.2
199;5.826.253.673.401.560;211;679.453.589.735.973;334;63.955.359.563.613.400;68;0.9155084023788997;142;7.655.026.922.092.610;98;8.461.644.751.066.350;64;7.297.896.217.813.160;5.7
310;255.671.025.869.941;316;2.377.617.140.185.960;420;4.072.952.346.434.530;68;0.727870811591959;298;30.092.676.578.753.600;264;2.978.686.191.691.130;228;2.946.879.705.722.650;4.3
126;7;138;7;165,5;2.5;324;0;112;4;111;5;90;5;4.2
192;45.214.482.258.844;258,9610439;5.215.026.935.754.670;397;5.909.988.961.429.230;66;0.8368414976914607;158,0978666;61.109.688.708.299.300;80;6.884.940.374.758.750;52;54.816.721.251.507.800;4.3
178;25.831.589.808.234.500;249;296.860.533.149.002;311;3.480.218.946.718.330;68;0.747525086977799;153;2.918.266.797.572.970;63;3.733.559.874.668.910;22;34.567.222.266.766.200;2.6
265;3.589.831.949.275.090;334;4.063.451.218.172.700;468;5.616.298.370.119.960;66;0.9178941139554808;278;3.975.605.571.148.170;174;47.912.719.447.003.400;119;4.688.767.515.704.580;4.3
118;3.922.578.802.854.140;247;392.882.482.748.586;627;45.984.366.010.194.200;322;0;184;4.236.039.867.807.290;349;344.642.662.956.512;265;27.103.196.681.299.000;4.9
170;2.060.461.144.010.320;149;16.669.251.500.239.300;214;2.761.055.789.971.260;68;0.24996850393691225;107;1.817.666.343.074.070;37;28.214.998.986.362.700;20;26.481.124.164.427.700;4.9
232;2.688.613.908.366.880;250;2.336.214.738.750.590;345;3.292.288.970.711.200;68;0.6370368688090352;183;33.935.594.380.712.100;110;41.934.719.801.453.100;88;402.259.231.279.166;2.8
327;31.024.048.731.714.700;338;33.309.075.663.376.900;410;31.807.148.058.897.300;68;0.32432432432438996;307;32.915.545.915.154.200;258;3.532.932.045.563.320;222;3.270.882.229.988.470;3.4
173;1.991.904.616.190.230;142;19.059.737.668.708.800;232;24.587.606.634.237.500;68;0.2800000000004573;101;22.026.311.538.702.900;69;20.627.787.084.416.000;37;2.409.096.096.049.300;3.6
190;24.239.192.675.055.400;200;1.699.270.803.842.890;203;2.348.669.639.486.100;68;0;126;26.846.496.512.580.500;55;228.457.471.311.894;29;3.204.841.012.774.230;3.9
254;36.976.010.774.836.600;270;3.554.682.798.262.210;372;34.033.886.025.924.400;68;0.2390206159786282;212;3.606.446.537.349.340;167;4.548.646.714.740.300;112;380.547.809.296.914;7
262,3662126;63.804.670.904.460.400;279;6.454.710.526.573.550;385;12.205.831.335.640.500;68;0.9245946589976475;248;7.065.045.709.284.230;219;10.411.338.108.009.600;181;6.934.587.834.933.890;4.2
77;2.961.744.135.673.080;85;3.453.841.397.116.810;96;31.437.901.334.746.100;324;0;57;3.597.663.945.691.760;49;29.397.136.112.313.000;37;24.746.803.147.386.700;3.3
353;27.962.873.336.518.700;408;32.818.536.579.275.100;572;3.312.592.371.687.440;66;0;366;30.599.568.557.141.600;292;3.536.623.285.538.070;219;3.869.791.354.734.060;4.3
232;3.814.450.079.052.950;285;4.196.861.543.808.110;345;4.314.559.995.678.780;68;0.6403107836048962;211;4.793.386.845.009.970;110;493.297.462.038.221;88;4.665.941.072.405.150;2.8
1751;8.250.151.513.760.210;1648;10.334.499.262.180.000;2341;21.298.987.651.998.800;66;0;1391;1.181.786.253.939.340;886;18.170.924.577.467.100;410;13.251.226.358.341.300;4.3
257;2.235.313.601.526.050;263;18.260.810.138.563.100;441;3.651.137.178.275.640;66;0.4148059255216321;174;2.244.906.941.221.020;204;30.451.620.532.986.000;119;2.678.319.741.905.940;1.9
190;2.347.374.914.056.110;189;2.797.714.780.378.400;301;7.585.302.058.069.130;68;0.9326336394143343;133;2.860.681.894.826.890;74;4.021.617.110.999.010;40;3.384.042.878.044.890;2.8
524;21.452.544.203.294.500;554;1.700.290.245.908.940;772;3.976.949.039.440.540;66;0;446;26.670.892.451.541.800;218;28.699.268.946.263.100;119;28.104.569.472.028.600;5.3
136;26.223.824.728.800.400;137;2.715.101.257.268.140;203;30.193.818.351.885.600;68;0.16963333204031578;97;169.895.519.371.835;54;28.774.438.030.549.800;29;38.832.835.724.870.500;3.5
872;3.612.634.152.266.240;844;350.225.076.802.463;1169;40.452.404.954.938.500;66;0;690;361.701.468.010.413;330;42.327.210.283.274.500;158;4.433.019.419.703.710;4.6
326;5.100.584.859.512.770;231;47.045.169.081.259.500;187;47.722.873.173.845.400;68;0;177;5.465.157.763.520.210;110;50.131.619.119.445.800;59;53.066.205.919.999.600;5.3
69;9.854.787.399.969.240;79;11.079.300.188.622.300;74;11.716.118.525.874.000;324;0;40;1.126.810.429.189.940;19;1.040.280.173.674.160;9;9.608.498.915.947.760;2.2
120;18.758.848.578.737.400;125;14.807.092.894.960.800;146;1.910.653.291.416.310;68;0;67;13.879.322.750.048;32;1.367.777.759.725.600;17;21.643.474.767.236.400;4.1
137;28.939.956.962.834.400;185;2.226.613.978.412.890;157;31.680.698.645.494.900;68;0;97;19.178.015.050.824.300;54;30.704.878.114.276.900;29;35.460.146.963.659.200;3.5
202,8663872;5.994.429.040.575.730;172;645.046.321.326.991;200,0257742;689.733.133.338.523;68;0;126,0984176;7.080.837.309.374.960;70;7.160.365.086.225.980;38;663.282.020.213.065;3
416;25.881.267.356.912.600;365;19.724.096.937.502.300;380;18.616.122.045.152.400;68;0;299;3.299.454.500.368.200;201;31.198.717.922.376.100;155;3.795.049.406.793.010;4.1
127;15.784.744.535.481.300;147;17.563.363.847.293.800;138;1.863.207.930.779.790;324;0;116;1.812.870.999.337.630;98;17.587.277.485.232.700;79;14.959.479.330.650.200;1.8
546,0590406;1.394.132.576.490.390;530,5;15.953.274.494.841.100;480;2.088.218.868.219.490;324;1.847.539.415.103.000;466;16.503.311.095.857.500;373,827957;1.776.385.353.040.060;307;13.591.381.846.283.800;2
487;8.933.179.358.255.090;562,6750757;4.855.683.770.729.670;962;1.170.615.131.804.420;322;31.426.920.526.093.700;518,3854875;4.580.237.311.431.290;669,4;9.017.443.159.699.780;462,8710504;5.867.599.465.067.610;3
229;2.888.820.352.457.980;199;2.220.561.459.340.170;156;2.466.035.721.175.550;68;0;131;2.351.581.023.977.130;66;355.728.704.426.729;59;2.751.909.172.879.470;9.1
166;24.622.119.711.480.300;298;28.501.384.676.342.000;746;36.902.921.629.871.100;322;0;229;29.141.976.800.410.700;410;3.239.945.222.457.830;311;23.652.590.955.139;3.1
347;7.907.931.753.333.770;309;7.242.698.833.344.680;358;9.312.636.957.413.910;68;0.9230769230768765;209;9.747.067.530.482.530;116;11.878.382.732.146.700;86;866.322.568.619.454;2.6
240;13.545.308.147.873.000;239;1.619.812.256.229.590;257;22.476.634.931.243.200;324;0;191;1.700.614.101.370.780;157;2.187.197.694.176.990;126;1.893.640.763.533.260;2.4
117;2.475.096.823.321.080;139;27.724.300.550.235.500;203;26.750.715.254.842.500;68;0.16963333204031578;98;20.247.082.244.720.800;54;26.681.757.702.161.800;29;35.110.526.268.064.000;2.6
394;1.197.369.587.824.350;439;13.166.243.622.214.800;493;14.227.989.538.420.300;68;536.224.050.079.869;384;14.266.700.086.528.700;337;14.124.068.725.770.900;288;12.784.417.635.485.500;3.6
263;31.748.729.430.911.300;275;30.468.060.974.618.800;287;26.263.044.504.168.700;68;0;217;3.029.682.306.267.340;185;3.625.795.517.149.340;147;28.370.833.240.588.900;3.5
109;24.836.626.442.060.800;133;2.808.470.642.787.060;136;287.464.389.181.093;324;0;106;2.997.329.641.889.020;94;27.396.197.132.216.800;73;23.495.936.270.215.500;2.7
117;250.955.199.979.387;139;31.238.882.319.875.700;204;3.038.227.517.201.600;68;0;98;228.189.514.538.803;54;24.608.714.776.989.100;29;31.319.732.116.266.700;2.7
247;1.411.949.007.577.810;267;25.568.730.903.194.900;515;4.165.765.235.824.030;66;0;183;15.257.784.898.208.500;175;42.431.120.654.538.400;92;18.925.115.587.493.700;3.5
411;30.539.125.163.082.100;390;2.808.723.572.961.780;538;16.612.942.412.395.200;66;0.3343582744924203;259;21.007.285.404.355.300;46;2.805.858.511.294.620;-2;3.503.253.347.588.550;1.5
250;23.416.789.292.327.100;230;27.412.222.288.531.100;247;46.209.242.772.924.300;68;0.24074566976137274;142;30.481.317.665.803.000;56;31.562.852.656.565.500;56;34.978.824.538.425.600;10
145;3.543.925.838.798.730;142;4.620.611.049.083.480;287;8.297.337.522.744.960;68;0.976572228961178;110;40.033.498.231.007.500;57;59.038.007.251.874.500;17;5.053.514.929.128.040;3.8
165;5.701.834.467.879.330;184;61.021.190.120.910.600;228;7.470.240.334.368.370;68;0.438869679122277;146;5.411.855.650.283.000;67;730.346.339.826.153;60;6.570.015.243.061.150;3.1
231;19.809.088.823.063.000;227;10.287.856.919.689.400;392;16.799.999.999.999.700;68;0.9797958971131973;185;12.016.655.108.639.800;77;3.625.244.819.319.100;67;25.810.075.552.001.000;1.1
248,8125522;50.215.585.615.252.900;190,8897744;5.224.178.572.521.020;151;7.878.511.960.022.990;68;0.2876137726284219;102,5526819;5.144.855.323.750.210;40;6.039.752.305.773.490;35;36.908.555.511.513.000;4.8
198;9.270.596.090.995.390;196;10.975.696.840.773.500;345;135.411.349.079.639;68;0.833685972762395;139;12.898.934.733.706.600;100;8.338.645.013.927.630;66;776.561.183.106.103;10.7
276;41.855.298.913.134.500;310;43.982.884.757.349.300;389;3.770.055.487.451.750;68;0.6354379948361534;262,833636;50.547.801.886.895.700;243;49.949.533.897.211;184;4.920.294.034.147.830;3.2
205;0.5;151;12;234;0;68;0;123;0;51;13.5;13;14;3
1256;29.120.821.111.743.000;1210;29.851.502.846.962.900;1093;34.878.200.769.087.900;66;0.9797958971130735;916;35.412.317.380.004.400;159;3.874.132.160.884.540;63;3.547.856.943.126.210;1.6
234;25.133.139.006.657.800;249;24.857.503.211.864.700;297;21.905.193.402.525.000;68;0;135;23.300.388.261.406.500;49;24.831.859.317.142.500;13;3.427.255.341.100.890;1.7
407;36.370.950.231.761.100;425;36.672.200.533.306.000;627;3.101.972.859.086.930;66;0;247;22.447.974.261.454.100;70,73425315;32.233.975.794.210.200;36;3.289.443.818.613.280;0.7
236;27.076.489.077.268.900;294;33.346.636.850.301.500;303;3.293.402.598.990.940;68;0.4888989486417634;157;29.341.436.114.236.300;147;4.318.192.955.727.800;99;36.034.740.040.888.200;1.6
448;2.483.836.548.438.540;451;31.851.602.713.480.700;658;39.518.679.196.651;66;0;308;28.478.615.932.911.000;114;2.922.564.694.498.080;43;30.249.541.650.558.900;1.2
302;2.605.398.102.570.930;339;3.234.705.289.543.040;302;360.337.111.555.701;68;0;229;483.434.396.351.756;90;30.094.598.763.018.000;58;3.687.180.272.169.170;3
275;2.595.469.697.944.390;310;279.356.893.636.069;283;27.380.896.237.290.700;68;0.17540633331757327;203;3.592.126.444.529.190;80;2.255.922.105.082.100;42;2.548.610.865.296.570;4.7
494;34.411.731.976.731.000;527;32.412.075.460.527.200;737;4.020.114.529.971.100;66;0;366;3.677.628.532.832.440;110;30.107.920.382.840.400;41;348.348.253.359.555;3.6
235;24.731.931.326.556.100;250;2.490.656.954.255.140;298;21.270.611.451.567.700;68;0;136;2.223.343.060.227.680;50;26.461.250.476.343.500;14;32.540.999.586.549.900;5.8
653;0;634;0;944;0;66;0;604;0;292;0;270;0;1
242;179.920.772.494.451;204;20.091.976.010.338.000;319;42.732.041.183.987.400;68;0.6614378277661475;131;2.343.874.996.666.840;48;2.740.772.872.293.500;11;17.932.926.246.154.000;2.3
193;20.882.414.972.939.200;243;27.226.632.932.045.000;428;50.098.779.976.183.500;66;0.9767710236556006;181;25.633.205.505.550.700;203;3.023.698.910.612.760;98;25.848.533.491.737.300;1.9
1550;420.894.940.597.313;1465;2.885.891.083.692.800;1613;3.403.277.232.076.290;66;0;1164;27.372.594.480.089.500;289;4.011.531.528.491.530;108;4.481.185.156.648.100;3.1
530;3.170.791.039.524.140;428;2.065.122.791.229.890;399;596.859.980.845.336;68;0.6998542122238715;293;33.748.677.222.755.100;85;2.826.196.243.023.760;60;32.294.937.841.774.500;1.7
1532,384623;3.794.649.344.299.370;1449;36.168.518.225.662.500;1771;3.086.734.141.456.760;66;0;1141;33.514.024.300.686.600;249;29.087.713.929.485.700;106;3.533.099.788.804.020;0.9
312,5;30.384.000.724.065.200;385,5;6.169.683.946.524.320;333;84.870.489.570.875;68;0;322,5;767.039.764.288.658;162,5;10.598.820.689.114.400;117;9.391.884.794.864.120;1.7
217;19.182.754.916.703.100;276;16.452.068.637.540.600;423;5.236.211.501.062.270;66;0.6210337996256471;186;2.260.286.929.819.570;104;37.270.946.429.787.500;53;35.111.821.787.232.900;1.8
700;4.609.039.230.727.540;563;4.813.779.941.403.950;482;6.746.399.476.438.640;68;0;412;5.975.726.125.006.770;135;60.434.298.388.983.600;113;4.825.376.984.086.190;3.3
144;17.585.155.390.592.900;163;16.983.492.535.553.500;175;36.877.319.818.209.800;68;0.1740725839849714;137;22.062.320.680.816.900;64;22.120.214.436.571.000;21;2.761.216.959.172.850;17
919;3.305.382.815.281.010;940;25.927.248.643.505.700;1474;61.651.349.449.050.900;66;0;760;2.975.268.428.599.750;419;417.163.037.672.323;200;40.953.903.626.177.300;24
126;18.569.159.435.349.600;121;248.944.877.701.546;259;22.705.364.842.392.100;68;0.6593629074822653;96;19.248.038.164.979.000;36;22.722.521.049.925.200;19;30.334.291.077.842.300;3.9
165;1.869.373.419.693.870;165;19.760.562.587.346.700;261;21.685.724.776.116.700;68;0.23987849233792558;123;17.925.818.453.649.500;78;19.814.798.646.583.700;52;2.504.718.973.185.790;6
168;2.437.454.382.550.520;190;2.944.286.330.116.860;181;22.790.266.309.947.800;68;0;131;2.573.619.740.336.790;25;28.753.373.021.619.700;32;36.343.051.766.321;5
194;19.064.838.290.253.400;185;25.956.372.697.392.500;200;22.935.463.458.208.800;68;0;92;17.471.936.961.055;26;24.101.588.501.123.200;15;30.561.478.083.879.100;5
127;25.205.762.234.596.000;146;20.066.798.860.866.900;219;18.995.167.615.305.800;68;0.5453087122865382;70;1.380.536.979.925.260;45;23.706.443.395.783.900;25;31.626.489.016.739.600;2.2
339;2.631.382.066.620.020;389;2.286.879.637.437.100;212;52.047.331.643.253.200;68;0.29012338845633623;248;26.080.626.874.399.300;57;22.724.798.444.235.600;31;309.741.294.189.092;11.408
152;24.372.542.611.170.700;202;2.130.140.188.396.580;289;42.857.464.019.960.600;68;0.8000000000002425;118;2.425.123.135.476.260;60;18.086.912.088.272.200;44;23.624.204.866.101.900;6
209;3.272.618.302.759.350;264;57.028.499.210.677.300;237;510.098.029.794.274;68;0;167;5.001.402.858.754.280;81;28.133.827.009.886.500;43;332.688.501.287.449;8.8
171;19.538.451.901.558.500;245;165.993.679.070.268;165;27.414.836.337.606.800;68;0;156;1.880.710.655.254.560;35;20.478.344.205.293.100;18;2.561.539.265.138.690;14
141;20.169.051.773.660.000;187;1.641.081.720.369.950;209;26.090.993.422.801.500;68;0.1961068920067229;104;19.878.649.667.482.600;61;20.014.887.474.441.900;19;23.885.267.121.889.600;14
578;24.368.341.246.776.800;544;24.182.311.080.697.700;733;56.249.891.666.117.300;66;0;392;2.997.149.208.976.480;141;31.141.648.563.883.000;60;30.412.029.261.367.300;9.8
261;25.564.457.965.308.700;250;3.318.124.645.557.900;260;28.336.215.500.252.600;68;0;155;31.608.365.468.583.100;61;2.616.597.851.189.980;18;33.883.327.199.503.100;3.9
195;2.285.859.044.317.780;168;18.498.736.458.143.400;218;40.778.822.258.339.100;68;0.5020047465135677;94;19.924.331.839.977.400;50;16.273.844.673.367.200;14;22.543.035.703.493.800;5.2
316;2.962.678.459.932.960;300;21.720.045.846.067.200;456,7054945;5.019.647.132.090.420;66;0.9982086373098056;203;21.934.498.282.775.500;69;3.342.387.003.365.830;49;3.755.116.508.538.030;2
95;2.094.961.238.400.610;79;17.820.117.235.151.000;114;3.634.054.359.088.840;68;0.3161237950233237;45;20.155.850.505.291.000;32;27.223.551.873.496.500;17;2.740.941.555.507.760;3.5
181;24.577.852.549.782.100;181;24.033.186.334.080.200;72;13.882.017.413.813.400;68;0;76;1.741.160.801.528.100;13;24.521.554.972.412.900;-15;2.564.423.442.187.780;1.7
146;19.095.486.727.985.800;172;22.070.182.838.425.700;224;3.383.531.042.110.470;68;0.21691508521734118;113;2.101.807.881.772.750;27;3.763.698.148.475.040;16;3.398.630.843.439.350;7.7
183;18.748.272.785.147.500;150;16.999.845.770.942.400;249;49.678.734.038.280.900;68;0.5870870479016665;101;1.874.904.381.537.700;70;2.155.453.716.882.730;39;2.424.547.319.648.640;7.8
257;18.511.946.868.731.700;260;23.617.559.476.928.500;373;43.073.336.976.332.000;68;0.7659860924833087;171;17.081.371.216.339.300;70;3.152.671.140.074.760;49;34.883.065.107.477.500;17
150;182.655.053.258.117;139;1.630.547.394.973.920;209;5.007.563.440.434.610;68;0.6746965388241336;77;17.202.685.777.493.700;49;198.353.018.802.405;15;22.310.654.542.671.900;8.1
345;18.361.569.540.755.400;252;19.757.196.157.349.800;355;31.249.948.735.957.900;68;885.437.744.847.146;200;19.902.629.072.562.200;128;23.714.069.747.725.700;94;19.624.751.820.086.700;11
359;22.058.852.429.841.900;486;2.522.257.777.677.020;569;4.129.911.355.035.780;66;0.9508916927482877;388;247.028.141.097.997;53;31.697.735.832.644.200;3;3.025.324.657.902.730;32
148;2.245.872.817.258.980;167;25.381.705.178.124.600;159;36.444.744.343.400.900;68;0;84;28.743.865.142.923.500;41;28.864.692.506.295.400;22;32.924.703.110.197.000;3.9
282;3.930.855.134.070.450;302;3.420.309.710.906.090;352;12.845.430.672.548.000;68;0.7453559924999299;245;3.391.187.744.874.590;169;6.268.518.244.980.570;120;479.809.633.032.328;5.9
230;23.858.740.250.165.500;278;25.712.663.506.558.700;336,9580885;4.685.817.599.922.890;68;0.27863855998960285;197;19.753.713.452.840.700;65;33.094.947.669.085.100;47;31.369.602.415.246.100;3.9
454,7697517;7.468.322.353.481.410;432;8.688.754.167.289.570;852;20.687.551.418.025.900;66;759.462.753.181.079;304;9.196.628.596.992.510;295;15.652.599.445.068.300;140,8018648;8.706.798.188.420.210;3.7
103;2.088.470.175.922.570;116;17.635.934.165.915.900;142,165571;4.573.306.874.790.150;68;0.5973506189703417;55;1.800.276.640.071.240;53;19.711.918.958.949.900;16;2.326.259.062.815.370;2.9
161;2.715.567.213.862.630;160;18.692.071.826.026.500;225;43.321.307.738.326.400;68;0.5635426694265264;84;22.750.132.428.622.200;92;21.714.080.676.416.500;48;3.248.381.158.550.930;4.6
167;23.024.560.484.133.600;162;1.775.613.895.309.290;215;3.969.778.834.006.960;68;0.47320492653222035;89;20.596.005.353.173.100;48;1.949.017.137.034.330;39;27.882.792.424.337.300;7.6
303;2.121.286.802.382.610;281;18.656.007.848.934.000;262;2.196.541.169.814.730;68;0;172;2.298.366.131.082.200;54;24.427.419.077.187.100;32;26.236.068.406.760.800;2.62
303;1.678.575.600.635.530;389;25.461.554.307.270.200;233;2.312.405.132.394.470;68;0;200;22.070.928.082.312.700;49;25.174.772.414.891.100;26;31.828.974.156.940.900;16.4
577;3.634.716.043.143.630;517;3.410.493.635.345.870;408;3.686.799.051.331.390;68;0;368;30.871.090.597.740.100;113;2.677.542.659.581.270;51;22.080.557.520.320.000;3.7
187;19.739.669.117.338.300;212;20.785.965.053.497.100;205;1.604.908.880.334.860;68;0;107;1.870.269.078.828.270;32;2.419.021.189.669.080;19;3.336.097.861.169.310;4.8
255;22.996.314.874.226.700;278;24.036.052.744.741.400;245;2.647.902.734.030.990;68;0;183;24.100.474.284.618.100;119;2.366.551.733.588.440;86;28.350.159.946.605.400;3.4
275;23.967.345.592.057.200;403;3.459.200.329.439.130;300;25.081.880.374.893.900;68;0;278;31.203.436.383.654.300;105;2.456.535.271.837.440;88;27.215.397.445.687.200;6.6
254;25.249.949.829.526.600;258;244.131.112.314.674;372;2.094.321.244.336.690;68;0;169;20.372.347.831.943.000;41;2.604.517.184.979.910;9;33.168.959.083.318.600;2.6
170;24.912.305.411.403.600;180;19.620.373.705.092.500;255;26.371.624.976.063.100;68;0.6137844099838253;110;23.478.718.679.694.900;122;22.925.589.214.076.000;85;28.379.545.172.178.900;6.7
143;23.988.649.861.522.200;136;1.971.872.340.410.980;209;27.303.953.449.573.900;68;0.7825072208802382;71;2.354.797.107.973.910;72;15.755.654.700.372.800;61;24.509.847.920.160.900;4.2
187;2.319.400.583.628.460;186;26.984.937.341.618.700;75;1.998.022.934.608.910;68;0;80;21.622.850.007.840.500;14;27.269.180.375.167.400;23;3.274.204.813.794.140;2.8
205;26.282.038.284.012.800;200;19.808.789.842.636.900;339;3.822.379.873.029.850;68;0.7033503382810137;116;24.759.244.275.500.700;69;18.894.332.229.281.800;37;2.633.839.656.644.630;3.4
290;21.700.538.451.449.400;245;2.126.697.025.127.540;321;44.672.012.098.637.600;68;0.46632137126845175;136;2.067.173.519.796.230;54;20.686.889.392.837.100;32;22.470.493.473.065.400;2.9
259;1.429.906.038.079.660;256;160.089.499.457.455;262;2.777.440.752.873.920;68;0.8546340785881635;157;15.498.523.980.112.700;136;20.360.016.634.739.300;94;16.461.698.305.298.700;5.4
154;848.528.137.423.857;191;942.809.041.582.072;243;0;68;0;102;848.528.137.423.857;94;10.370.899.457.402.700;38;10.842.303.978.193.700;3
147;2.337.121.445.156.040;149;24.820.055.059.086.700;153;34.415.378.382.792.300;68;0;75;20.927.424.604.850.800;40;27.464.647.461.911.800;22;3.205.370.487.637.540;2.8
226;2.381.774.334.312.940;268;2.364.861.820.185.570;198;1.967.934.792.349.280;68;0;162;1.670.473.475.591.000;70;3.426.146.761.692.070;61;33.133.299.114.396.700;2.9
